quiz_id,created_at,published_at,question,option_1,option_2,option_3,option_4,correct_option_id,correct_answer,explanation,key,level,category,message_id,status,audio_text,audio_file_id
ad_001,2026-02-10T09:00:00Z,,Ich kaufe Blumen ___ Arzt.,für die,für den,für das,für der,1,für den,Bei „für“ steht hier der Akkusativ. Deshalb ist „für den“ korrekt.,fuer_arzt_akk_a1_01,A1,Alltag,,ready,,
ad_002,2026-02-10T09:01:00Z,,Schnellcheck: Ich kaufe Blumen ___ Arzt.,für den,für der,für dem,für das,0,für den,Bei „für“ steht hier der Akkusativ. Deshalb ist „für den“ korrekt.,fuer_arzt_akk_a1_02,A1,Alltag,,ready,,
ad_003,2026-02-10T09:02:00Z,,Wir haben eine kleine Karte ___ Lehrerin.,für dem,für die,für das,für der,1,für die,Bei „für“ steht hier der Akkusativ. Deshalb ist „für die“ korrekt.,fuer_lehrerin_akk_a1_03,A1,Schule,,ready,,
ad_004,2026-02-10T09:03:00Z,,Schnellcheck: Wir haben eine kleine Karte ___ Lehrerin.,für den,für das,für der,für die,3,für die,Bei „für“ steht hier der Akkusativ. Deshalb ist „für die“ korrekt.,fuer_lehrerin_akk_a1_04,A1,Schule,,ready,,
ad_005,2026-02-10T09:04:00Z,,Sie bestellt Saft ___ Kind.,für dem,für das,für die,für den,1,für das,Bei „für“ steht hier der Akkusativ. Deshalb ist „für das“ korrekt.,fuer_kind_akk_a1_05,A1,Familie,,ready,,
ad_006,2026-02-10T09:05:00Z,,Schnellcheck: Sie bestellt Saft ___ Kind.,für den,für dem,für das,für die,2,für das,Bei „für“ steht hier der Akkusativ. Deshalb ist „für das“ korrekt.,fuer_kind_akk_a1_06,A1,Familie,,ready,,
ad_007,2026-02-10T09:06:00Z,,Ich kann die Tür nicht öffnen ___ Schlüssel.,ohne den,ohne dem,ohne das,ohne der,0,ohne den,Bei „ohne“ steht hier der Akkusativ. Deshalb ist „ohne den“ korrekt.,ohne_schluessel_akk_a1_07,A1,Alltag,,ready,,
ad_008,2026-02-10T09:07:00Z,,Schnellcheck: Ich kann die Tür nicht öffnen ___ Schlüssel.,ohne den,ohne der,ohne dem,ohne das,0,ohne den,Bei „ohne“ steht hier der Akkusativ. Deshalb ist „ohne den“ korrekt.,ohne_schluessel_akk_a1_08,A1,Alltag,,ready,,
ad_009,2026-02-10T09:08:00Z,,Meine Oma liest heute ___ Brille.,ohne der,ohne die,ohne dem,ohne den,1,ohne die,Bei „ohne“ steht hier der Akkusativ. Deshalb ist „ohne die“ korrekt.,ohne_brille_akk_a1_09,A1,Familie,,ready,,
ad_010,2026-02-10T09:09:00Z,,Schnellcheck: Meine Oma liest heute ___ Brille.,ohne die,ohne dem,ohne den,ohne der,0,ohne die,Bei „ohne“ steht hier der Akkusativ. Deshalb ist „ohne die“ korrekt.,ohne_brille_akk_a1_10,A1,Familie,,ready,,
ad_011,2026-02-10T09:10:00Z,,Er fährt am Wochenende ___ Auto.,ohne der,ohne die,ohne das,ohne den,2,ohne das,Bei „ohne“ steht hier der Akkusativ. Deshalb ist „ohne das“ korrekt.,ohne_auto_akk_a1_11,A1,Mobilität,,ready,,
ad_012,2026-02-10T09:11:00Z,,Schnellcheck: Er fährt am Wochenende ___ Auto.,ohne das,ohne die,ohne den,ohne dem,0,ohne das,Bei „ohne“ steht hier der Akkusativ. Deshalb ist „ohne das“ korrekt.,ohne_auto_akk_a1_12,A1,Mobilität,,ready,,
ad_013,2026-02-10T09:12:00Z,,Wir sitzen heute Abend ___ Tisch.,um die,um dem,um der,um den,3,um den,Bei „um“ steht hier der Akkusativ. Deshalb ist „um den“ korrekt.,um_tisch_akk_a1_13,A1,Alltag,,ready,,
ad_014,2026-02-10T09:13:00Z,,Schnellcheck: Wir sitzen heute Abend ___ Tisch.,um der,um die,um den,um dem,2,um den,Bei „um“ steht hier der Akkusativ. Deshalb ist „um den“ korrekt.,um_tisch_akk_a1_14,A1,Alltag,,ready,,
ad_015,2026-02-10T09:14:00Z,,Der Kiosk ist gleich ___ Ecke.,um der,um die,um dem,um das,1,um die,Bei „um“ steht hier der Akkusativ. Deshalb ist „um die“ korrekt.,um_ecke_akk_a1_15,A1,Stadt,,ready,,
ad_016,2026-02-10T09:15:00Z,,Schnellcheck: Der Kiosk ist gleich ___ Ecke.,um dem,um der,um die,um den,2,um die,Bei „um“ steht hier der Akkusativ. Deshalb ist „um die“ korrekt.,um_ecke_akk_a1_16,A1,Stadt,,ready,,
ad_017,2026-02-10T09:16:00Z,,Die Kinder laufen ___ Haus.,um der,um das,um dem,um die,1,um das,Bei „um“ steht hier der Akkusativ. Deshalb ist „um das“ korrekt.,um_haus_akk_a1_17,A1,Familie,,ready,,
ad_018,2026-02-10T09:17:00Z,,Schnellcheck: Die Kinder laufen ___ Haus.,um den,um das,um dem,um der,1,um das,Bei „um“ steht hier der Akkusativ. Deshalb ist „um das“ korrekt.,um_haus_akk_a1_18,A1,Familie,,ready,,
ad_019,2026-02-10T09:18:00Z,,Die Leiter lehnt ___ Wand.,gegen den,gegen der,gegen dem,gegen die,3,gegen die,Bei „gegen“ steht hier der Akkusativ. Deshalb ist „gegen die“ korrekt.,gegen_wand_akk_a1_19,A1,Haushalt,,ready,,
ad_020,2026-02-10T09:19:00Z,,Schnellcheck: Die Leiter lehnt ___ Wand.,gegen das,gegen den,gegen der,gegen die,3,gegen die,Bei „gegen“ steht hier der Akkusativ. Deshalb ist „gegen die“ korrekt.,gegen_wand_akk_a1_20,A1,Haushalt,,ready,,
ad_021,2026-02-10T09:20:00Z,,Der Ball fliegt ___ Baum.,gegen das,gegen dem,gegen der,gegen den,3,gegen den,Bei „gegen“ steht hier der Akkusativ. Deshalb ist „gegen den“ korrekt.,gegen_baum_akk_a1_21,A1,Sport,,ready,,
ad_022,2026-02-10T09:21:00Z,,Schnellcheck: Der Ball fliegt ___ Baum.,gegen die,gegen den,gegen das,gegen der,1,gegen den,Bei „gegen“ steht hier der Akkusativ. Deshalb ist „gegen den“ korrekt.,gegen_baum_akk_a1_22,A1,Sport,,ready,,
ad_023,2026-02-10T09:22:00Z,,Der Wind drückt stark ___ Fenster.,gegen den,gegen das,gegen die,gegen der,1,gegen das,Bei „gegen“ steht hier der Akkusativ. Deshalb ist „gegen das“ korrekt.,gegen_fenster_akk_a1_23,A1,Wetter,,ready,,
ad_024,2026-02-10T09:23:00Z,,Schnellcheck: Der Wind drückt stark ___ Fenster.,gegen die,gegen den,gegen der,gegen das,3,gegen das,Bei „gegen“ steht hier der Akkusativ. Deshalb ist „gegen das“ korrekt.,gegen_fenster_akk_a1_24,A1,Wetter,,ready,,
ad_025,2026-02-10T09:24:00Z,,Wir gehen nach der Arbeit ___ Park.,durch der,durch dem,durch die,durch den,3,durch den,Bei „durch“ steht hier der Akkusativ. Deshalb ist „durch den“ korrekt.,durch_park_akk_a1_25,A1,Stadt,,ready,,
ad_026,2026-02-10T09:25:00Z,,Schnellcheck: Wir gehen nach der Arbeit ___ Park.,durch das,durch dem,durch die,durch den,3,durch den,Bei „durch“ steht hier der Akkusativ. Deshalb ist „durch den“ korrekt.,durch_park_akk_a1_26,A1,Stadt,,ready,,
ad_027,2026-02-10T09:26:00Z,,Der Bus fährt ___ Stadt.,durch den,durch die,durch dem,durch das,1,durch die,Bei „durch“ steht hier der Akkusativ. Deshalb ist „durch die“ korrekt.,durch_stadt_akk_a1_27,A1,Mobilität,,ready,,
ad_028,2026-02-10T09:27:00Z,,Schnellcheck: Der Bus fährt ___ Stadt.,durch den,durch die,durch dem,durch das,1,durch die,Bei „durch“ steht hier der Akkusativ. Deshalb ist „durch die“ korrekt.,durch_stadt_akk_a1_28,A1,Mobilität,,ready,,
ad_029,2026-02-10T09:28:00Z,,Die Gäste kommen ___ Tor.,durch die,durch das,durch den,durch dem,1,durch das,Bei „durch“ steht hier der Akkusativ. Deshalb ist „durch das“ korrekt.,durch_tor_akk_a1_29,A1,Event,,ready,,
ad_030,2026-02-10T09:29:00Z,,Schnellcheck: Die Gäste kommen ___ Tor.,durch die,durch dem,durch der,durch das,3,durch das,Bei „durch“ steht hier der Akkusativ. Deshalb ist „durch das“ korrekt.,durch_tor_akk_a1_30,A1,Event,,ready,,
ad_031,2026-02-10T09:30:00Z,,Ich spreche jeden Tag ___ Freund.,mit dem,mit das,mit der,mit den,0,mit dem,Bei „mit“ steht hier der Dativ. Deshalb ist „mit dem“ korrekt.,mit_freund_dat_a1_31,A1,Kommunikation,,ready,,
ad_032,2026-02-10T09:31:00Z,,Schnellcheck: Ich spreche jeden Tag ___ Freund.,mit die,mit dem,mit den,mit das,1,mit dem,Bei „mit“ steht hier der Dativ. Deshalb ist „mit dem“ korrekt.,mit_freund_dat_a1_32,A1,Kommunikation,,ready,,
ad_033,2026-02-10T09:32:00Z,,Sie arbeitet gern ___ Kollegin.,mit das,mit die,mit der,mit den,2,mit der,Bei „mit“ steht hier der Dativ. Deshalb ist „mit der“ korrekt.,mit_kollegin_dat_a1_33,A1,Arbeit,,ready,,
ad_034,2026-02-10T09:33:00Z,,Schnellcheck: Sie arbeitet gern ___ Kollegin.,mit der,mit den,mit dem,mit das,0,mit der,Bei „mit“ steht hier der Dativ. Deshalb ist „mit der“ korrekt.,mit_kollegin_dat_a1_34,A1,Arbeit,,ready,,
ad_035,2026-02-10T09:34:00Z,,Wir diskutieren das Thema ___ Team.,mit der,mit das,mit die,mit dem,3,mit dem,Bei „mit“ steht hier der Dativ. Deshalb ist „mit dem“ korrekt.,mit_team_dat_a1_35,A1,Arbeit,,ready,,
ad_036,2026-02-10T09:35:00Z,,Schnellcheck: Wir diskutieren das Thema ___ Team.,mit dem,mit das,mit die,mit der,0,mit dem,Bei „mit“ steht hier der Dativ. Deshalb ist „mit dem“ korrekt.,mit_team_dat_a1_36,A1,Arbeit,,ready,,
ad_037,2026-02-10T09:36:00Z,,Ich kaufe Brot ___ Bäcker.,bei das,bei den,bei dem,bei die,2,bei dem,Bei „bei“ steht hier der Dativ. Deshalb ist „bei dem“ korrekt.,bei_baecker_dat_a1_37,A1,Alltag,,ready,,
ad_038,2026-02-10T09:37:00Z,,Schnellcheck: Ich kaufe Brot ___ Bäcker.,bei den,bei der,bei dem,bei die,2,bei dem,Bei „bei“ steht hier der Dativ. Deshalb ist „bei dem“ korrekt.,bei_baecker_dat_a1_38,A1,Alltag,,ready,,
ad_039,2026-02-10T09:38:00Z,,Er arbeitet seit drei Jahren ___ Firma.,bei das,bei den,bei dem,bei der,3,bei der,Bei „bei“ steht hier der Dativ. Deshalb ist „bei der“ korrekt.,bei_firma_dat_a1_39,A1,Arbeit,,ready,,
ad_040,2026-02-10T09:39:00Z,,Schnellcheck: Er arbeitet seit drei Jahren ___ Firma.,bei dem,bei die,bei das,bei der,3,bei der,Bei „bei“ steht hier der Dativ. Deshalb ist „bei der“ korrekt.,bei_firma_dat_a1_40,A1,Arbeit,,ready,,
ad_041,2026-02-10T09:40:00Z,,Wir sind heute Abend ___ Konzert.,bei das,bei den,bei der,bei dem,3,bei dem,Bei „bei“ steht hier der Dativ. Deshalb ist „bei dem“ korrekt.,bei_konzert_dat_a1_41,A1,Freizeit,,ready,,
ad_042,2026-02-10T09:41:00Z,,Schnellcheck: Wir sind heute Abend ___ Konzert.,bei der,bei dem,bei den,bei das,1,bei dem,Bei „bei“ steht hier der Dativ. Deshalb ist „bei dem“ korrekt.,bei_konzert_dat_a1_42,A1,Freizeit,,ready,,
ad_043,2026-02-10T09:42:00Z,,Wir gehen zu Fuß ___ Bahnhof.,zu das,zu dem,zu den,zu die,1,zu dem,Bei „zu“ steht hier der Dativ. Deshalb ist „zu dem“ korrekt.,zu_bahnhof_dat_a1_43,A1,Mobilität,,ready,,
ad_044,2026-02-10T09:43:00Z,,Schnellcheck: Wir gehen zu Fuß ___ Bahnhof.,zu den,zu dem,zu die,zu der,1,zu dem,Bei „zu“ steht hier der Dativ. Deshalb ist „zu dem“ korrekt.,zu_bahnhof_dat_a1_44,A1,Mobilität,,ready,,
ad_045,2026-02-10T09:44:00Z,,Sie fährt schnell ___ Apotheke.,zu dem,zu den,zu der,zu die,2,zu der,Bei „zu“ steht hier der Dativ. Deshalb ist „zu der“ korrekt.,zu_apotheke_dat_a1_45,A1,Alltag,,ready,,
ad_046,2026-02-10T09:45:00Z,,Schnellcheck: Sie fährt schnell ___ Apotheke.,zu dem,zu der,zu den,zu die,1,zu der,Bei „zu“ steht hier der Dativ. Deshalb ist „zu der“ korrekt.,zu_apotheke_dat_a1_46,A1,Alltag,,ready,,
ad_047,2026-02-10T09:46:00Z,,Die Gäste gehen direkt ___ Hotel.,zu dem,zu der,zu den,zu die,0,zu dem,Bei „zu“ steht hier der Dativ. Deshalb ist „zu dem“ korrekt.,zu_hotel_dat_a1_47,A1,Reisen,,ready,,
ad_048,2026-02-10T09:47:00Z,,Schnellcheck: Die Gäste gehen direkt ___ Hotel.,zu den,zu der,zu das,zu dem,3,zu dem,Bei „zu“ steht hier der Dativ. Deshalb ist „zu dem“ korrekt.,zu_hotel_dat_a1_48,A1,Reisen,,ready,,
ad_049,2026-02-10T09:48:00Z,,Ich komme gerade ___ Büro.,aus der,aus die,aus den,aus dem,3,aus dem,Bei „aus“ steht hier der Dativ. Deshalb ist „aus dem“ korrekt.,aus_buero_dat_a1_49,A1,Arbeit,,ready,,
ad_050,2026-02-10T09:49:00Z,,Schnellcheck: Ich komme gerade ___ Büro.,aus der,aus dem,aus den,aus das,1,aus dem,Bei „aus“ steht hier der Dativ. Deshalb ist „aus dem“ korrekt.,aus_buero_dat_a1_50,A1,Arbeit,,ready,,
ad_051,2026-02-10T09:50:00Z,,Das Kind kommt ___ Schule.,aus der,aus den,aus die,aus dem,0,aus der,Bei „aus“ steht hier der Dativ. Deshalb ist „aus der“ korrekt.,aus_schule_dat_a1_51,A1,Familie,,ready,,
ad_052,2026-02-10T09:51:00Z,,Schnellcheck: Das Kind kommt ___ Schule.,aus die,aus der,aus den,aus das,1,aus der,Bei „aus“ steht hier der Dativ. Deshalb ist „aus der“ korrekt.,aus_schule_dat_a1_52,A1,Familie,,ready,,
ad_053,2026-02-10T09:52:00Z,,Wir kommen spät ___ Kino.,aus das,aus die,aus dem,aus der,2,aus dem,Bei „aus“ steht hier der Dativ. Deshalb ist „aus dem“ korrekt.,aus_kino_dat_a1_53,A1,Freizeit,,ready,,
ad_054,2026-02-10T09:53:00Z,,Schnellcheck: Wir kommen spät ___ Kino.,aus die,aus den,aus dem,aus das,2,aus dem,Bei „aus“ steht hier der Dativ. Deshalb ist „aus dem“ korrekt.,aus_kino_dat_a1_54,A1,Freizeit,,ready,,
ad_055,2026-02-10T09:54:00Z,,Er bringt frisches Obst ___ Markt.,von dem,von den,von das,von die,0,von dem,Bei „von“ steht hier der Dativ. Deshalb ist „von dem“ korrekt.,von_markt_dat_a1_55,A1,Alltag,,ready,,
ad_056,2026-02-10T09:55:00Z,,Schnellcheck: Er bringt frisches Obst ___ Markt.,von den,von die,von dem,von das,2,von dem,Bei „von“ steht hier der Dativ. Deshalb ist „von dem“ korrekt.,von_markt_dat_a1_56,A1,Alltag,,ready,,
ad_057,2026-02-10T09:56:00Z,,Sie kommt müde ___ Arbeit.,von die,von das,von der,von dem,2,von der,Bei „von“ steht hier der Dativ. Deshalb ist „von der“ korrekt.,von_arbeit_dat_a1_57,A1,Alltag,,ready,,
ad_058,2026-02-10T09:57:00Z,,Schnellcheck: Sie kommt müde ___ Arbeit.,von der,von dem,von das,von die,0,von der,Bei „von“ steht hier der Dativ. Deshalb ist „von der“ korrekt.,von_arbeit_dat_a1_58,A1,Alltag,,ready,,
ad_059,2026-02-10T09:58:00Z,,Die Spieler kommen ___ Training.,von den,von dem,von der,von die,1,von dem,Bei „von“ steht hier der Dativ. Deshalb ist „von dem“ korrekt.,von_training_dat_a1_59,A1,Sport,,ready,,
ad_060,2026-02-10T09:59:00Z,,Schnellcheck: Die Spieler kommen ___ Training.,von den,von der,von das,von dem,3,von dem,Bei „von“ steht hier der Dativ. Deshalb ist „von dem“ korrekt.,von_training_dat_a1_60,A1,Sport,,ready,,
ad_061,2026-02-10T10:00:00Z,,___ Sommer beginnt bei uns ein neuer Kurs.,nach den,nach der,nach dem,nach das,2,nach dem,Bei „nach“ steht hier der Dativ. Deshalb ist „nach dem“ korrekt.,nach_sommer_dat_a1_61,A1,Zeit,,ready,,
ad_062,2026-02-10T10:01:00Z,,Schnellcheck: ___ Sommer beginnt bei uns ein neuer Kurs.,nach den,nach der,nach das,nach dem,3,nach dem,Bei „nach“ steht hier der Dativ. Deshalb ist „nach dem“ korrekt.,nach_sommer_dat_a1_62,A1,Zeit,,ready,,
ad_063,2026-02-10T10:02:00Z,,___ Pause starten wir mit einer Übung.,nach der,nach die,nach den,nach dem,0,nach der,Bei „nach“ steht hier der Dativ. Deshalb ist „nach der“ korrekt.,nach_pause_dat_a1_63,A1,Lernen,,ready,,
ad_064,2026-02-10T10:03:00Z,,Schnellcheck: ___ Pause starten wir mit einer Übung.,nach das,nach der,nach den,nach dem,1,nach der,Bei „nach“ steht hier der Dativ. Deshalb ist „nach der“ korrekt.,nach_pause_dat_a1_64,A1,Lernen,,ready,,
ad_065,2026-02-10T10:04:00Z,,___ Essen trinken wir Kaffee.,nach der,nach das,nach dem,nach die,2,nach dem,Bei „nach“ steht hier der Dativ. Deshalb ist „nach dem“ korrekt.,nach_essen_dat_a1_65,A1,Alltag,,ready,,
ad_066,2026-02-10T10:05:00Z,,Schnellcheck: ___ Essen trinken wir Kaffee.,nach der,nach das,nach den,nach dem,3,nach dem,Bei „nach“ steht hier der Dativ. Deshalb ist „nach dem“ korrekt.,nach_essen_dat_a1_66,A1,Alltag,,ready,,
ad_067,2026-02-10T10:06:00Z,,Ich spreche morgen ___ Chef.,mit der,mit den,mit dem,mit das,2,mit dem,Bei „mit“ steht hier der Dativ. Deshalb ist „mit dem“ korrekt.,mit_chef_dat_a1_67,A1,Arbeit,,ready,,
ad_068,2026-02-10T10:07:00Z,,Schnellcheck: Ich spreche morgen ___ Chef.,mit den,mit der,mit die,mit dem,3,mit dem,Bei „mit“ steht hier der Dativ. Deshalb ist „mit dem“ korrekt.,mit_chef_dat_a1_68,A1,Arbeit,,ready,,
ad_069,2026-02-10T10:08:00Z,,Wir gehen später ___ Bank.,zu der,zu das,zu den,zu die,0,zu der,Bei „zu“ steht hier der Dativ. Deshalb ist „zu der“ korrekt.,zu_bank_dat_a1_69,A1,Alltag,,ready,,
ad_070,2026-02-10T10:09:00Z,,Schnellcheck: Wir gehen später ___ Bank.,zu der,zu dem,zu die,zu das,0,zu der,Bei „zu“ steht hier der Dativ. Deshalb ist „zu der“ korrekt.,zu_bank_dat_a1_70,A1,Alltag,,ready,,
ad_071,2026-02-10T10:10:00Z,,Bitte lege die Jacke ___ Schrank.,in das,in dem,in den,in die,2,in den,Hier geht es um eine Richtung/Bewegung. Deshalb steht nach „in“ der Akkusativ: „in den“.,in_schrank_akk_a2_01,A2,Wohnen,,ready,,
ad_072,2026-02-10T10:11:00Z,,Die Jacke liegt schon ___ Schrank.,in den,in die,in dem,in der,2,in dem,Hier geht es um eine Position/einen Ort. Deshalb steht nach „in“ der Dativ: „in dem“.,in_schrank_dat_a2_01,A2,Wohnen,,ready,,
ad_073,2026-02-10T10:12:00Z,,Steck das Handy schnell ___ Tasche.,in der,in den,in dem,in die,3,in die,Hier geht es um eine Richtung/Bewegung. Deshalb steht nach „in“ der Akkusativ: „in die“.,in_tasche_akk_a2_02,A2,Alltag,,ready,,
ad_074,2026-02-10T10:13:00Z,,Das Handy ist noch ___ Tasche.,in dem,in die,in der,in den,2,in der,Hier geht es um eine Position/einen Ort. Deshalb steht nach „in“ der Dativ: „in der“.,in_tasche_dat_a2_02,A2,Alltag,,ready,,
ad_075,2026-02-10T10:14:00Z,,Stell das Glas bitte ___ Regal.,in der,in dem,in die,in das,3,in das,Hier geht es um eine Richtung/Bewegung. Deshalb steht nach „in“ der Akkusativ: „in das“.,in_regal_akk_a2_03,A2,Wohnen,,ready,,
ad_076,2026-02-10T10:15:00Z,,Das Glas steht sicher ___ Regal.,in den,in das,in der,in dem,3,in dem,Hier geht es um eine Position/einen Ort. Deshalb steht nach „in“ der Dativ: „in dem“.,in_regal_dat_a2_03,A2,Wohnen,,ready,,
ad_077,2026-02-10T10:16:00Z,,Häng das Bild ___ Wand.,an die,an das,an der,an dem,0,an die,Hier geht es um eine Richtung/Bewegung. Deshalb steht nach „an“ der Akkusativ: „an die“.,an_wand_akk_a2_04,A2,Wohnen,,ready,,
ad_078,2026-02-10T10:17:00Z,,Das Bild hängt jetzt ___ Wand.,an den,an dem,an der,an das,2,an der,Hier geht es um eine Position/einen Ort. Deshalb steht nach „an“ der Dativ: „an der“.,an_wand_dat_a2_04,A2,Wohnen,,ready,,
ad_079,2026-02-10T10:18:00Z,,Setz dich bitte ___ Schreibtisch.,an die,an der,an den,an das,2,an den,Hier geht es um eine Richtung/Bewegung. Deshalb steht nach „an“ der Akkusativ: „an den“.,an_schreibtisch_akk_a2_05,A2,Lernen,,ready,,
ad_080,2026-02-10T10:19:00Z,,Der Student sitzt ___ Schreibtisch.,an die,an das,an dem,an der,2,an dem,Hier geht es um eine Position/einen Ort. Deshalb steht nach „an“ der Dativ: „an dem“.,an_schreibtisch_dat_a2_05,A2,Lernen,,ready,,
ad_081,2026-02-10T10:20:00Z,,Stell die Pflanze ___ Fenster.,an der,an das,an dem,an den,1,an das,Hier geht es um eine Richtung/Bewegung. Deshalb steht nach „an“ der Akkusativ: „an das“.,an_fenster_akk_a2_06,A2,Wohnen,,ready,,
ad_082,2026-02-10T10:21:00Z,,Die Pflanze steht ___ Fenster.,an dem,an den,an das,an die,0,an dem,Hier geht es um eine Position/einen Ort. Deshalb steht nach „an“ der Dativ: „an dem“.,an_fenster_dat_a2_06,A2,Wohnen,,ready,,
ad_083,2026-02-10T10:22:00Z,,Leg das Buch ___ Tisch.,auf den,auf die,auf das,auf der,0,auf den,Hier geht es um eine Richtung/Bewegung. Deshalb steht nach „auf“ der Akkusativ: „auf den“.,auf_tisch_akk_a2_07,A2,Lernen,,ready,,
ad_084,2026-02-10T10:23:00Z,,Das Buch liegt ___ Tisch.,auf den,auf dem,auf die,auf das,1,auf dem,Hier geht es um eine Position/einen Ort. Deshalb steht nach „auf“ der Dativ: „auf dem“.,auf_tisch_dat_a2_07,A2,Lernen,,ready,,
ad_085,2026-02-10T10:24:00Z,,Der Sänger geht ___ Bühne.,auf die,auf dem,auf das,auf der,0,auf die,Hier geht es um eine Richtung/Bewegung. Deshalb steht nach „auf“ der Akkusativ: „auf die“.,auf_buehne_akk_a2_08,A2,Event,,ready,,
ad_086,2026-02-10T10:25:00Z,,Der Sänger steht ___ Bühne.,auf das,auf die,auf dem,auf der,3,auf der,Hier geht es um eine Position/einen Ort. Deshalb steht nach „auf“ der Dativ: „auf der“.,auf_buehne_dat_a2_08,A2,Event,,ready,,
ad_087,2026-02-10T10:26:00Z,,Setz dich ___ Sofa.,auf den,auf das,auf der,auf die,1,auf das,Hier geht es um eine Richtung/Bewegung. Deshalb steht nach „auf“ der Akkusativ: „auf das“.,auf_sofa_akk_a2_09,A2,Alltag,,ready,,
ad_088,2026-02-10T10:27:00Z,,Ich sitze ___ Sofa.,auf dem,auf den,auf die,auf das,0,auf dem,Hier geht es um eine Position/einen Ort. Deshalb steht nach „auf“ der Dativ: „auf dem“.,auf_sofa_dat_a2_09,A2,Alltag,,ready,,
ad_089,2026-02-10T10:28:00Z,,Schieb den Ball ___ Stuhl.,unter der,unter dem,unter den,unter das,2,unter den,Hier geht es um eine Richtung/Bewegung. Deshalb steht nach „unter“ der Akkusativ: „unter den“.,unter_stuhl_akk_a2_10,A2,Alltag,,ready,,
ad_090,2026-02-10T10:29:00Z,,Der Ball liegt ___ Stuhl.,unter der,unter das,unter dem,unter den,2,unter dem,Hier geht es um eine Position/einen Ort. Deshalb steht nach „unter“ der Dativ: „unter dem“.,unter_stuhl_dat_a2_10,A2,Alltag,,ready,,
ad_091,2026-02-10T10:30:00Z,,Die Boote fahren ___ Brücke.,unter das,unter dem,unter der,unter die,3,unter die,Hier geht es um eine Richtung/Bewegung. Deshalb steht nach „unter“ der Akkusativ: „unter die“.,unter_bruecke_akk_a2_11,A2,Reisen,,ready,,
ad_092,2026-02-10T10:31:00Z,,Ein Boot liegt ___ Brücke.,unter dem,unter der,unter die,unter den,1,unter der,Hier geht es um eine Position/einen Ort. Deshalb steht nach „unter“ der Dativ: „unter der“.,unter_bruecke_dat_a2_11,A2,Reisen,,ready,,
ad_093,2026-02-10T10:32:00Z,,Stell die Kiste ___ Bett.,unter den,unter das,unter die,unter der,1,unter das,Hier geht es um eine Richtung/Bewegung. Deshalb steht nach „unter“ der Akkusativ: „unter das“.,unter_bett_akk_a2_12,A2,Wohnen,,ready,,
ad_094,2026-02-10T10:33:00Z,,Die Kiste steht ___ Bett.,unter den,unter das,unter dem,unter die,2,unter dem,Hier geht es um eine Position/einen Ort. Deshalb steht nach „unter“ der Dativ: „unter dem“.,unter_bett_dat_a2_12,A2,Wohnen,,ready,,
ad_095,2026-02-10T10:34:00Z,,Wir bauen eine Brücke ___ Fluss.,über der,über die,über dem,über den,3,über den,Hier geht es um eine Richtung/Bewegung. Deshalb steht nach „über“ der Akkusativ: „über den“.,ueber_fluss_akk_a2_13,A2,Stadt,,ready,,
ad_096,2026-02-10T10:35:00Z,,Die Brücke ist ___ Fluss.,über der,über dem,über den,über das,1,über dem,Hier geht es um eine Position/einen Ort. Deshalb steht nach „über“ der Dativ: „über dem“.,ueber_fluss_dat_a2_13,A2,Stadt,,ready,,
ad_097,2026-02-10T10:36:00Z,,Der Junge springt ___ Straße.,über das,über dem,über die,über den,2,über die,Hier geht es um eine Richtung/Bewegung. Deshalb steht nach „über“ der Akkusativ: „über die“.,ueber_strasse_akk_a2_14,A2,Stadt,,ready,,
ad_098,2026-02-10T10:37:00Z,,Die Lampe hängt ___ Straße.,über dem,über der,über den,über die,1,über der,Hier geht es um eine Position/einen Ort. Deshalb steht nach „über“ der Dativ: „über der“.,ueber_strasse_dat_a2_14,A2,Stadt,,ready,,
ad_099,2026-02-10T10:38:00Z,,Wir sprechen heute ___ Thema.,über der,über die,über das,über den,2,über das,Hier geht es um eine Richtung/Bewegung. Deshalb steht nach „über“ der Akkusativ: „über das“.,ueber_thema_akk_a2_15,A2,Arbeit,,ready,,
ad_100,2026-02-10T10:39:00Z,,Im Meeting sprechen wir ___ Thema.,über dem,über der,über die,über das,0,über dem,Hier geht es um eine Position/einen Ort. Deshalb steht nach „über“ der Dativ: „über dem“.,ueber_thema_dat_a2_15,A2,Arbeit,,ready,,
ad_101,2026-02-10T10:40:00Z,,Stell das Fahrrad ___ Eingang.,vor die,vor dem,vor den,vor das,2,vor den,Hier geht es um eine Richtung/Bewegung. Deshalb steht nach „vor“ der Akkusativ: „vor den“.,vor_eingang_akk_a2_16,A2,Alltag,,ready,,
ad_102,2026-02-10T10:41:00Z,,Das Fahrrad steht ___ Eingang.,vor der,vor die,vor dem,vor das,2,vor dem,Hier geht es um eine Position/einen Ort. Deshalb steht nach „vor“ der Dativ: „vor dem“.,vor_eingang_dat_a2_16,A2,Alltag,,ready,,
ad_103,2026-02-10T10:42:00Z,,Der Reporter tritt ___ Kamera.,vor die,vor das,vor der,vor den,0,vor die,Hier geht es um eine Richtung/Bewegung. Deshalb steht nach „vor“ der Akkusativ: „vor die“.,vor_kamera_akk_a2_17,A2,Medien,,ready,,
ad_104,2026-02-10T10:43:00Z,,Der Reporter steht ___ Kamera.,vor der,vor den,vor die,vor dem,0,vor der,Hier geht es um eine Position/einen Ort. Deshalb steht nach „vor“ der Dativ: „vor der“.,vor_kamera_dat_a2_17,A2,Medien,,ready,,
ad_105,2026-02-10T10:44:00Z,,Pflanz die Blumen ___ Haus.,vor der,vor die,vor das,vor den,2,vor das,Hier geht es um eine Richtung/Bewegung. Deshalb steht nach „vor“ der Akkusativ: „vor das“.,vor_haus_akk_a2_18,A2,Wohnen,,ready,,
ad_106,2026-02-10T10:45:00Z,,Die Blumen sind ___ Haus.,vor die,vor den,vor der,vor dem,3,vor dem,Hier geht es um eine Position/einen Ort. Deshalb steht nach „vor“ der Dativ: „vor dem“.,vor_haus_dat_a2_18,A2,Wohnen,,ready,,
ad_107,2026-02-10T10:46:00Z,,Stell die Lampe ___ Schrank.,hinter das,hinter dem,hinter den,hinter der,2,hinter den,Hier geht es um eine Richtung/Bewegung. Deshalb steht nach „hinter“ der Akkusativ: „hinter den“.,hinter_schrank_akk_a2_19,A2,Wohnen,,ready,,
ad_108,2026-02-10T10:47:00Z,,Die Lampe steht ___ Schrank.,hinter das,hinter dem,hinter den,hinter der,1,hinter dem,Hier geht es um eine Position/einen Ort. Deshalb steht nach „hinter“ der Dativ: „hinter dem“.,hinter_schrank_dat_a2_19,A2,Wohnen,,ready,,
ad_109,2026-02-10T10:48:00Z,,Versteck den Schlüssel ___ Tür.,hinter dem,hinter das,hinter die,hinter der,2,hinter die,Hier geht es um eine Richtung/Bewegung. Deshalb steht nach „hinter“ der Akkusativ: „hinter die“.,hinter_tuer_akk_a2_20,A2,Alltag,,ready,,
ad_110,2026-02-10T10:49:00Z,,Der Schlüssel liegt ___ Tür.,hinter den,hinter das,hinter der,hinter die,2,hinter der,Hier geht es um eine Position/einen Ort. Deshalb steht nach „hinter“ der Dativ: „hinter der“.,hinter_tuer_dat_a2_20,A2,Alltag,,ready,,
ad_111,2026-02-10T10:50:00Z,,Der Hund läuft ___ Auto.,hinter der,hinter dem,hinter das,hinter den,2,hinter das,Hier geht es um eine Richtung/Bewegung. Deshalb steht nach „hinter“ der Akkusativ: „hinter das“.,hinter_auto_akk_a2_21,A2,Alltag,,ready,,
ad_112,2026-02-10T10:51:00Z,,Der Hund sitzt ___ Auto.,hinter der,hinter den,hinter das,hinter dem,3,hinter dem,Hier geht es um eine Position/einen Ort. Deshalb steht nach „hinter“ der Dativ: „hinter dem“.,hinter_auto_dat_a2_21,A2,Alltag,,ready,,
ad_113,2026-02-10T10:52:00Z,,Stell den Monitor ___ Drucker.,neben das,neben die,neben der,neben den,3,neben den,Hier geht es um eine Richtung/Bewegung. Deshalb steht nach „neben“ der Akkusativ: „neben den“.,neben_drucker_akk_a2_22,A2,Arbeit,,ready,,
ad_114,2026-02-10T10:53:00Z,,Der Monitor steht ___ Drucker.,neben dem,neben der,neben den,neben die,0,neben dem,Hier geht es um eine Position/einen Ort. Deshalb steht nach „neben“ der Dativ: „neben dem“.,neben_drucker_dat_a2_22,A2,Arbeit,,ready,,
ad_115,2026-02-10T10:54:00Z,,Der Lehrer stellt den Stuhl ___ Tafel.,neben die,neben das,neben der,neben den,0,neben die,Hier geht es um eine Richtung/Bewegung. Deshalb steht nach „neben“ der Akkusativ: „neben die“.,neben_tafel_akk_a2_23,A2,Schule,,ready,,
ad_116,2026-02-10T10:55:00Z,,Der Stuhl steht ___ Tafel.,neben die,neben dem,neben der,neben den,2,neben der,Hier geht es um eine Position/einen Ort. Deshalb steht nach „neben“ der Dativ: „neben der“.,neben_tafel_dat_a2_23,A2,Schule,,ready,,
ad_117,2026-02-10T10:56:00Z,,Leg das Buch ___ Bett.,neben den,neben dem,neben das,neben die,2,neben das,Hier geht es um eine Richtung/Bewegung. Deshalb steht nach „neben“ der Akkusativ: „neben das“.,neben_bett_akk_a2_24,A2,Wohnen,,ready,,
ad_118,2026-02-10T10:57:00Z,,Das Buch liegt ___ Bett.,neben dem,neben den,neben das,neben die,0,neben dem,Hier geht es um eine Position/einen Ort. Deshalb steht nach „neben“ der Dativ: „neben dem“.,neben_bett_dat_a2_24,A2,Wohnen,,ready,,
ad_119,2026-02-10T10:58:00Z,,Stell den Tisch ___ Stuhl und dem Schrank.,zwischen den,zwischen das,zwischen der,zwischen die,0,zwischen den,Hier geht es um eine Richtung/Bewegung. Deshalb steht nach „zwischen“ der Akkusativ: „zwischen den“.,zwischen_stuhl_akk_a2_25,A2,Wohnen,,ready,,
ad_120,2026-02-10T10:59:00Z,,Der Tisch steht ___ Stuhl und dem Schrank.,zwischen der,zwischen dem,zwischen den,zwischen das,1,zwischen dem,Hier geht es um eine Position/einen Ort. Deshalb steht nach „zwischen“ der Dativ: „zwischen dem“.,zwischen_stuhl_dat_a2_25,A2,Wohnen,,ready,,
ad_121,2026-02-10T11:00:00Z,,Häng das Bild ___ Lampe und der Uhr.,zwischen der,zwischen die,zwischen den,zwischen das,1,zwischen die,Hier geht es um eine Richtung/Bewegung. Deshalb steht nach „zwischen“ der Akkusativ: „zwischen die“.,zwischen_lampe_akk_a2_26,A2,Wohnen,,ready,,
ad_122,2026-02-10T11:01:00Z,,Das Bild hängt ___ Lampe und der Uhr.,zwischen der,zwischen den,zwischen das,zwischen dem,0,zwischen der,Hier geht es um eine Position/einen Ort. Deshalb steht nach „zwischen“ der Dativ: „zwischen der“.,zwischen_lampe_dat_a2_26,A2,Wohnen,,ready,,
ad_123,2026-02-10T11:02:00Z,,Stell die Vase ___ Fenster und dem Regal.,zwischen dem,zwischen das,zwischen den,zwischen die,1,zwischen das,Hier geht es um eine Richtung/Bewegung. Deshalb steht nach „zwischen“ der Akkusativ: „zwischen das“.,zwischen_fenster_akk_a2_27,A2,Wohnen,,ready,,
ad_124,2026-02-10T11:03:00Z,,Die Vase steht ___ Fenster und dem Regal.,zwischen den,zwischen der,zwischen das,zwischen dem,3,zwischen dem,Hier geht es um eine Position/einen Ort. Deshalb steht nach „zwischen“ der Dativ: „zwischen dem“.,zwischen_fenster_dat_a2_27,A2,Wohnen,,ready,,
ad_125,2026-02-10T11:04:00Z,,Steig bitte ___ Aufzug.,in dem,in das,in die,in den,3,in den,Hier geht es um eine Richtung/Bewegung. Deshalb steht nach „in“ der Akkusativ: „in den“.,in_aufzug_akk_a2_28,A2,Gebäude,,ready,,
ad_126,2026-02-10T11:05:00Z,,Wir sind schon ___ Aufzug.,in der,in die,in dem,in das,2,in dem,Hier geht es um eine Position/einen Ort. Deshalb steht nach „in“ der Dativ: „in dem“.,in_aufzug_dat_a2_28,A2,Gebäude,,ready,,
ad_127,2026-02-10T11:06:00Z,,Klopf bitte ___ Tür.,an das,an die,an dem,an den,1,an die,Hier geht es um eine Richtung/Bewegung. Deshalb steht nach „an“ der Akkusativ: „an die“.,an_tuer_akk_a2_29,A2,Alltag,,ready,,
ad_128,2026-02-10T11:07:00Z,,Er wartet ___ Tür.,an das,an die,an den,an der,3,an der,Hier geht es um eine Position/einen Ort. Deshalb steht nach „an“ der Dativ: „an der“.,an_tuer_dat_a2_29,A2,Alltag,,ready,,
ad_129,2026-02-10T11:08:00Z,,Die Kinder laufen ___ Feld.,auf das,auf dem,auf die,auf den,0,auf das,Hier geht es um eine Richtung/Bewegung. Deshalb steht nach „auf“ der Akkusativ: „auf das“.,auf_feld_akk_a2_30,A2,Sport,,ready,,
ad_130,2026-02-10T11:09:00Z,,Die Kinder spielen ___ Feld.,auf das,auf der,auf dem,auf den,2,auf dem,Hier geht es um eine Position/einen Ort. Deshalb steht nach „auf“ der Dativ: „auf dem“.,auf_feld_dat_a2_30,A2,Sport,,ready,,
ad_131,2026-02-10T11:10:00Z,,Setz dich ___ Baum.,unter dem,unter den,unter die,unter das,1,unter den,Hier geht es um eine Richtung/Bewegung. Deshalb steht nach „unter“ der Akkusativ: „unter den“.,unter_baum_akk_a2_31,A2,Natur,,ready,,
ad_132,2026-02-10T11:11:00Z,,Wir sitzen ___ Baum.,unter die,unter der,unter dem,unter den,2,unter dem,Hier geht es um eine Position/einen Ort. Deshalb steht nach „unter“ der Dativ: „unter dem“.,unter_baum_dat_a2_31,A2,Natur,,ready,,
ad_133,2026-02-10T11:12:00Z,,Der Schüler geht ___ Klasse.,vor dem,vor die,vor den,vor das,1,vor die,Hier geht es um eine Richtung/Bewegung. Deshalb steht nach „vor“ der Akkusativ: „vor die“.,vor_klasse_akk_a2_32,A2,Schule,,ready,,
ad_134,2026-02-10T11:13:00Z,,Der Schüler steht ___ Klasse.,vor das,vor der,vor dem,vor den,1,vor der,Hier geht es um eine Position/einen Ort. Deshalb steht nach „vor“ der Dativ: „vor der“.,vor_klasse_dat_a2_32,A2,Schule,,ready,,
ad_135,2026-02-10T11:14:00Z,,Fahr ___ Gebäude.,hinter dem,hinter der,hinter das,hinter die,2,hinter das,Hier geht es um eine Richtung/Bewegung. Deshalb steht nach „hinter“ der Akkusativ: „hinter das“.,hinter_gebaeude_akk_a2_33,A2,Stadt,,ready,,
ad_136,2026-02-10T11:15:00Z,,Der Parkplatz ist ___ Gebäude.,hinter das,hinter dem,hinter den,hinter die,1,hinter dem,Hier geht es um eine Position/einen Ort. Deshalb steht nach „hinter“ der Dativ: „hinter dem“.,hinter_gebaeude_dat_a2_33,A2,Stadt,,ready,,
ad_137,2026-02-10T11:16:00Z,,Stell den Schrank ___ Aufzug.,neben den,neben das,neben der,neben dem,0,neben den,Hier geht es um eine Richtung/Bewegung. Deshalb steht nach „neben“ der Akkusativ: „neben den“.,neben_aufzug_akk_a2_34,A2,Gebäude,,ready,,
ad_138,2026-02-10T11:17:00Z,,Der Schrank steht ___ Aufzug.,neben der,neben das,neben dem,neben den,2,neben dem,Hier geht es um eine Position/einen Ort. Deshalb steht nach „neben“ der Dativ: „neben dem“.,neben_aufzug_dat_a2_34,A2,Gebäude,,ready,,
ad_139,2026-02-10T11:18:00Z,,Stell das Regal ___ Küche und der Speisekammer.,zwischen den,zwischen dem,zwischen das,zwischen die,3,zwischen die,Hier geht es um eine Richtung/Bewegung. Deshalb steht nach „zwischen“ der Akkusativ: „zwischen die“.,zwischen_kueche_akk_a2_35,A2,Wohnen,,ready,,
ad_140,2026-02-10T11:19:00Z,,Das Regal steht ___ Küche und der Speisekammer.,zwischen die,zwischen der,zwischen das,zwischen dem,1,zwischen der,Hier geht es um eine Position/einen Ort. Deshalb steht nach „zwischen“ der Dativ: „zwischen der“.,zwischen_kueche_dat_a2_35,A2,Wohnen,,ready,,
ad_141,2026-02-10T11:20:00Z,,Bitte füge die neue Zahl ___ Bericht ein.,in der,in dem,in den,in die,2,in den,Diese Variante zeigt eine zielgerichtete Handlung. Darum steht nach „in“ der Akkusativ: „in den“.,in_bericht_akk_b1_01,B1,Arbeit,,ready,,
ad_142,2026-02-10T11:21:00Z,,Die neue Zahl steht bereits ___ Bericht.,in den,in der,in dem,in die,2,in dem,Diese Variante beschreibt eine stabile Position. Darum steht nach „in“ der Dativ: „in dem“.,in_bericht_dat_b1_01,B1,Arbeit,,ready,,
ad_143,2026-02-10T11:22:00Z,,Wir integrieren den Punkt ___ Strategie.,in das,in der,in die,in den,2,in die,Diese Variante zeigt eine zielgerichtete Handlung. Darum steht nach „in“ der Akkusativ: „in die“.,in_strategie_akk_b1_02,B1,Arbeit,,ready,,
ad_144,2026-02-10T11:23:00Z,,Der Punkt ist schon ___ Strategie verankert.,in der,in das,in die,in dem,0,in der,Diese Variante beschreibt eine stabile Position. Darum steht nach „in“ der Dativ: „in der“.,in_strategie_dat_b1_02,B1,Arbeit,,ready,,
ad_145,2026-02-10T11:24:00Z,,Schreib die Entscheidung ___ Protokoll.,in die,in das,in der,in dem,1,in das,Diese Variante zeigt eine zielgerichtete Handlung. Darum steht nach „in“ der Akkusativ: „in das“.,in_protokoll_akk_b1_03,B1,Arbeit,,ready,,
ad_146,2026-02-10T11:25:00Z,,Die Entscheidung steht jetzt ___ Protokoll.,in den,in dem,in das,in die,1,in dem,Diese Variante beschreibt eine stabile Position. Darum steht nach „in“ der Dativ: „in dem“.,in_protokoll_dat_b1_03,B1,Arbeit,,ready,,
ad_147,2026-02-10T11:26:00Z,,Setz das Thema ___ Agenda.,an das,an dem,an der,an die,3,an die,Diese Variante zeigt eine zielgerichtete Handlung. Darum steht nach „an“ der Akkusativ: „an die“.,an_agenda_akk_b1_04,B1,Meeting,,ready,,
ad_148,2026-02-10T11:27:00Z,,Das Thema steht schon ___ Agenda.,an das,an dem,an den,an der,3,an der,Diese Variante beschreibt eine stabile Position. Darum steht nach „an“ der Dativ: „an der“.,an_agenda_dat_b1_04,B1,Meeting,,ready,,
ad_149,2026-02-10T11:28:00Z,,Häng den Meilenstein ___ Zeitplan.,an den,an das,an der,an dem,0,an den,Diese Variante zeigt eine zielgerichtete Handlung. Darum steht nach „an“ der Akkusativ: „an den“.,an_zeitplan_akk_b1_05,B1,Projekt,,ready,,
ad_150,2026-02-10T11:29:00Z,,Der Meilenstein ist ___ Zeitplan markiert.,an die,an der,an dem,an den,2,an dem,Diese Variante beschreibt eine stabile Position. Darum steht nach „an“ der Dativ: „an dem“.,an_zeitplan_dat_b1_05,B1,Projekt,,ready,,
ad_151,2026-02-10T11:30:00Z,,Füge die Kennzahl ___ Dashboard an.,an das,an den,an die,an dem,0,an das,Diese Variante zeigt eine zielgerichtete Handlung. Darum steht nach „an“ der Akkusativ: „an das“.,an_dashboard_akk_b1_06,B1,Daten,,ready,,
ad_152,2026-02-10T11:31:00Z,,Die Kennzahl ist ___ Dashboard sichtbar.,an die,an der,an das,an dem,3,an dem,Diese Variante beschreibt eine stabile Position. Darum steht nach „an“ der Dativ: „an dem“.,an_dashboard_dat_b1_06,B1,Daten,,ready,,
ad_153,2026-02-10T11:32:00Z,,Lade die Datei ___ Server.,auf das,auf der,auf den,auf dem,2,auf den,Diese Variante zeigt eine zielgerichtete Handlung. Darum steht nach „auf“ der Akkusativ: „auf den“.,auf_server_akk_b1_07,B1,IT,,ready,,
ad_154,2026-02-10T11:33:00Z,,Die Datei liegt ___ Server.,auf dem,auf das,auf den,auf die,0,auf dem,Diese Variante beschreibt eine stabile Position. Darum steht nach „auf“ der Dativ: „auf dem“.,auf_server_dat_b1_07,B1,IT,,ready,,
ad_155,2026-02-10T11:34:00Z,,Stell den Beitrag ___ Plattform.,auf der,auf den,auf dem,auf die,3,auf die,Diese Variante zeigt eine zielgerichtete Handlung. Darum steht nach „auf“ der Akkusativ: „auf die“.,auf_plattform_akk_b1_08,B1,Medien,,ready,,
ad_156,2026-02-10T11:35:00Z,,Der Beitrag ist ___ Plattform online.,auf die,auf der,auf dem,auf den,1,auf der,Diese Variante beschreibt eine stabile Position. Darum steht nach „auf“ der Dativ: „auf der“.,auf_plattform_dat_b1_08,B1,Medien,,ready,,
ad_157,2026-02-10T11:36:00Z,,Setz die Meldung ___ Portal.,auf der,auf die,auf das,auf den,2,auf das,Diese Variante zeigt eine zielgerichtete Handlung. Darum steht nach „auf“ der Akkusativ: „auf das“.,auf_portal_akk_b1_09,B1,Kommunikation,,ready,,
ad_158,2026-02-10T11:37:00Z,,Die Meldung steht ___ Portal.,auf dem,auf den,auf die,auf das,0,auf dem,Diese Variante beschreibt eine stabile Position. Darum steht nach „auf“ der Dativ: „auf dem“.,auf_portal_dat_b1_09,B1,Kommunikation,,ready,,
ad_159,2026-02-10T11:38:00Z,,Ordne den Kommentar ___ Punkt 3 ein.,unter die,unter den,unter der,unter dem,1,unter den,Diese Variante zeigt eine zielgerichtete Handlung. Darum steht nach „unter“ der Akkusativ: „unter den“.,unter_punkt_akk_b1_10,B1,Dokumentation,,ready,,
ad_160,2026-02-10T11:39:00Z,,Der Kommentar steht ___ Punkt 3.,unter dem,unter den,unter der,unter die,0,unter dem,Diese Variante beschreibt eine stabile Position. Darum steht nach „unter“ der Dativ: „unter dem“.,unter_punkt_dat_b1_10,B1,Dokumentation,,ready,,
ad_161,2026-02-10T11:40:00Z,,Sortiere den Artikel ___ Rubrik Forschung.,unter dem,unter die,unter den,unter der,1,unter die,Diese Variante zeigt eine zielgerichtete Handlung. Darum steht nach „unter“ der Akkusativ: „unter die“.,unter_rubrik_akk_b1_11,B1,Medien,,ready,,
ad_162,2026-02-10T11:41:00Z,,Der Artikel ist ___ Rubrik Forschung.,unter das,unter der,unter den,unter die,1,unter der,Diese Variante beschreibt eine stabile Position. Darum steht nach „unter“ der Dativ: „unter der“.,unter_rubrik_dat_b1_11,B1,Medien,,ready,,
ad_163,2026-02-10T11:42:00Z,,Fasse den Inhalt ___ Kapitel 2 zusammen.,unter dem,unter die,unter den,unter das,3,unter das,Diese Variante zeigt eine zielgerichtete Handlung. Darum steht nach „unter“ der Akkusativ: „unter das“.,unter_kapitel_akk_b1_12,B1,Lernen,,ready,,
ad_164,2026-02-10T11:43:00Z,,Der Inhalt steht ___ Kapitel 2.,unter den,unter der,unter die,unter dem,3,unter dem,Diese Variante beschreibt eine stabile Position. Darum steht nach „unter“ der Dativ: „unter dem“.,unter_kapitel_dat_b1_12,B1,Lernen,,ready,,
ad_165,2026-02-10T11:44:00Z,,Wir verhandeln morgen ___ Vertrag.,über das,über dem,über den,über die,2,über den,Diese Variante zeigt eine zielgerichtete Handlung. Darum steht nach „über“ der Akkusativ: „über den“.,ueber_vertrag_akk_b1_13,B1,Recht,,ready,,
ad_166,2026-02-10T11:45:00Z,,Im Meeting sprechen wir ___ Vertrag.,über die,über dem,über das,über der,1,über dem,Diese Variante beschreibt eine stabile Position. Darum steht nach „über“ der Dativ: „über dem“.,ueber_vertrag_dat_b1_13,B1,Recht,,ready,,
ad_167,2026-02-10T11:46:00Z,,Diskutiert bitte ___ Frage.,über das,über der,über dem,über die,3,über die,Diese Variante zeigt eine zielgerichtete Handlung. Darum steht nach „über“ der Akkusativ: „über die“.,ueber_frage_akk_b1_14,B1,Lernen,,ready,,
ad_168,2026-02-10T11:47:00Z,,Die Gruppe spricht ___ Frage.,über das,über dem,über den,über der,3,über der,Diese Variante beschreibt eine stabile Position. Darum steht nach „über“ der Dativ: „über der“.,ueber_frage_dat_b1_14,B1,Lernen,,ready,,
ad_169,2026-02-10T11:48:00Z,,Der Vortrag informiert ___ Thema Klimarisiko.,über der,über die,über den,über das,3,über das,Diese Variante zeigt eine zielgerichtete Handlung. Darum steht nach „über“ der Akkusativ: „über das“.,ueber_thema_akk_b1_15,B1,Gesellschaft,,ready,,
ad_170,2026-02-10T11:49:00Z,,Der Podcast berichtet ___ Thema Klimarisiko.,über dem,über der,über die,über das,0,über dem,Diese Variante beschreibt eine stabile Position. Darum steht nach „über“ der Dativ: „über dem“.,ueber_thema_dat_b1_15,B1,Gesellschaft,,ready,,
ad_171,2026-02-10T11:50:00Z,,Der Experte präsentiert ___ Ausschuss.,vor der,vor den,vor das,vor dem,1,vor den,Diese Variante zeigt eine zielgerichtete Handlung. Darum steht nach „vor“ der Akkusativ: „vor den“.,vor_ausschuss_akk_b1_16,B1,Politik,,ready,,
ad_172,2026-02-10T11:51:00Z,,Der Experte spricht ___ Ausschuss.,vor die,vor das,vor dem,vor den,2,vor dem,Diese Variante beschreibt eine stabile Position. Darum steht nach „vor“ der Dativ: „vor dem“.,vor_ausschuss_dat_b1_16,B1,Politik,,ready,,
ad_173,2026-02-10T11:52:00Z,,Das Team erklärt die Idee ___ Jury.,vor die,vor das,vor dem,vor der,0,vor die,Diese Variante zeigt eine zielgerichtete Handlung. Darum steht nach „vor“ der Akkusativ: „vor die“.,vor_jury_akk_b1_17,B1,Event,,ready,,
ad_174,2026-02-10T11:53:00Z,,Das Team steht ___ Jury.,vor dem,vor den,vor das,vor der,3,vor der,Diese Variante beschreibt eine stabile Position. Darum steht nach „vor“ der Dativ: „vor der“.,vor_jury_dat_b1_17,B1,Event,,ready,,
ad_175,2026-02-10T11:54:00Z,,Die Rednerin tritt ___ Publikum.,vor das,vor den,vor die,vor dem,0,vor das,Diese Variante zeigt eine zielgerichtete Handlung. Darum steht nach „vor“ der Akkusativ: „vor das“.,vor_publikum_akk_b1_18,B1,Event,,ready,,
ad_176,2026-02-10T11:55:00Z,,Die Rednerin steht ___ Publikum.,vor der,vor den,vor die,vor dem,3,vor dem,Diese Variante beschreibt eine stabile Position. Darum steht nach „vor“ der Dativ: „vor dem“.,vor_publikum_dat_b1_18,B1,Event,,ready,,
ad_177,2026-02-10T11:56:00Z,,Das Management stellt sich ___ Vorschlag.,hinter der,hinter dem,hinter die,hinter den,3,hinter den,Diese Variante zeigt eine zielgerichtete Handlung. Darum steht nach „hinter“ der Akkusativ: „hinter den“.,hinter_vorschlag_akk_b1_19,B1,Arbeit,,ready,,
ad_178,2026-02-10T11:57:00Z,,Das Management steht ___ Vorschlag.,hinter der,hinter das,hinter den,hinter dem,3,hinter dem,Diese Variante beschreibt eine stabile Position. Darum steht nach „hinter“ der Dativ: „hinter dem“.,hinter_vorschlag_dat_b1_19,B1,Arbeit,,ready,,
ad_179,2026-02-10T11:58:00Z,,Der Vorstand stellt sich ___ Entscheidung.,hinter den,hinter das,hinter die,hinter der,2,hinter die,Diese Variante zeigt eine zielgerichtete Handlung. Darum steht nach „hinter“ der Akkusativ: „hinter die“.,hinter_entscheidung_akk_b1_20,B1,Arbeit,,ready,,
ad_180,2026-02-10T11:59:00Z,,Der Vorstand steht ___ Entscheidung.,hinter die,hinter dem,hinter der,hinter den,2,hinter der,Diese Variante beschreibt eine stabile Position. Darum steht nach „hinter“ der Dativ: „hinter der“.,hinter_entscheidung_dat_b1_20,B1,Arbeit,,ready,,
ad_181,2026-02-10T12:00:00Z,,Das Team stellt sich ___ Konzept.,hinter die,hinter der,hinter dem,hinter das,3,hinter das,Diese Variante zeigt eine zielgerichtete Handlung. Darum steht nach „hinter“ der Akkusativ: „hinter das“.,hinter_konzept_akk_b1_21,B1,Projekt,,ready,,
ad_182,2026-02-10T12:01:00Z,,Das Team steht ___ Konzept.,hinter dem,hinter die,hinter der,hinter den,0,hinter dem,Diese Variante beschreibt eine stabile Position. Darum steht nach „hinter“ der Dativ: „hinter dem“.,hinter_konzept_dat_b1_21,B1,Projekt,,ready,,
ad_183,2026-02-10T12:02:00Z,,Stell die Nachhaltigkeit ___ Fokus.,neben der,neben den,neben dem,neben das,1,neben den,Diese Variante zeigt eine zielgerichtete Handlung. Darum steht nach „neben“ der Akkusativ: „neben den“.,neben_fokus_akk_b1_22,B1,Strategie,,ready,,
ad_184,2026-02-10T12:03:00Z,,Nachhaltigkeit steht ___ Fokus.,neben die,neben der,neben den,neben dem,3,neben dem,Diese Variante beschreibt eine stabile Position. Darum steht nach „neben“ der Dativ: „neben dem“.,neben_fokus_dat_b1_22,B1,Strategie,,ready,,
ad_185,2026-02-10T12:04:00Z,,Setz Qualität ___ Sicherheit.,neben die,neben dem,neben das,neben der,0,neben die,Diese Variante zeigt eine zielgerichtete Handlung. Darum steht nach „neben“ der Akkusativ: „neben die“.,neben_sicherheit_akk_b1_23,B1,Strategie,,ready,,
ad_186,2026-02-10T12:05:00Z,,Qualität steht ___ Sicherheit.,neben dem,neben der,neben die,neben das,1,neben der,Diese Variante beschreibt eine stabile Position. Darum steht nach „neben“ der Dativ: „neben der“.,neben_sicherheit_dat_b1_23,B1,Strategie,,ready,,
ad_187,2026-02-10T12:06:00Z,,Setz Transparenz ___ Ziel Effizienz.,neben das,neben der,neben den,neben dem,0,neben das,Diese Variante zeigt eine zielgerichtete Handlung. Darum steht nach „neben“ der Akkusativ: „neben das“.,neben_ziel_akk_b1_24,B1,Projekt,,ready,,
ad_188,2026-02-10T12:07:00Z,,Transparenz steht ___ Ziel Effizienz.,neben den,neben dem,neben das,neben der,1,neben dem,Diese Variante beschreibt eine stabile Position. Darum steht nach „neben“ der Dativ: „neben dem“.,neben_ziel_dat_b1_24,B1,Projekt,,ready,,
ad_189,2026-02-10T12:08:00Z,,Vermittle ___ Partner und dem Investor.,zwischen der,zwischen dem,zwischen den,zwischen das,2,zwischen den,Diese Variante zeigt eine zielgerichtete Handlung. Darum steht nach „zwischen“ der Akkusativ: „zwischen den“.,zwischen_partner_akk_b1_25,B1,Wirtschaft,,ready,,
ad_190,2026-02-10T12:09:00Z,,Die Einigung liegt ___ Partner und dem Investor.,zwischen dem,zwischen den,zwischen die,zwischen das,0,zwischen dem,Diese Variante beschreibt eine stabile Position. Darum steht nach „zwischen“ der Dativ: „zwischen dem“.,zwischen_partner_dat_b1_25,B1,Wirtschaft,,ready,,
ad_191,2026-02-10T12:10:00Z,,Koordiniere ___ Abteilung und dem Vertrieb.,zwischen dem,zwischen der,zwischen das,zwischen die,3,zwischen die,Diese Variante zeigt eine zielgerichtete Handlung. Darum steht nach „zwischen“ der Akkusativ: „zwischen die“.,zwischen_abteilung_akk_b1_26,B1,Arbeit,,ready,,
ad_192,2026-02-10T12:11:00Z,,Die Abstimmung läuft ___ Abteilung und dem Vertrieb.,zwischen die,zwischen den,zwischen der,zwischen dem,2,zwischen der,Diese Variante beschreibt eine stabile Position. Darum steht nach „zwischen“ der Dativ: „zwischen der“.,zwischen_abteilung_dat_b1_26,B1,Arbeit,,ready,,
ad_193,2026-02-10T12:12:00Z,,Teile die Aufgabe ___ Team und dem Budget auf.,zwischen die,zwischen den,zwischen das,zwischen dem,2,zwischen das,Diese Variante zeigt eine zielgerichtete Handlung. Darum steht nach „zwischen“ der Akkusativ: „zwischen das“.,zwischen_team_akk_b1_27,B1,Arbeit,,ready,,
ad_194,2026-02-10T12:13:00Z,,Die Verantwortung liegt ___ Team und dem Budget.,zwischen der,zwischen den,zwischen die,zwischen dem,3,zwischen dem,Diese Variante beschreibt eine stabile Position. Darum steht nach „zwischen“ der Dativ: „zwischen dem“.,zwischen_team_dat_b1_27,B1,Arbeit,,ready,,
ad_195,2026-02-10T12:14:00Z,,Setz die Aussage ___ Kontext.,in dem,in der,in den,in die,2,in den,Diese Variante zeigt eine zielgerichtete Handlung. Darum steht nach „in“ der Akkusativ: „in den“.,in_kontext_akk_b1_28,B1,Kommunikation,,ready,,
ad_196,2026-02-10T12:15:00Z,,Die Aussage steht ___ Kontext.,in der,in dem,in die,in das,1,in dem,Diese Variante beschreibt eine stabile Position. Darum steht nach „in“ der Dativ: „in dem“.,in_kontext_dat_b1_28,B1,Kommunikation,,ready,,
ad_197,2026-02-10T12:16:00Z,,Koppel das Modul ___ Schnittstelle.,an das,an die,an dem,an der,1,an die,Diese Variante zeigt eine zielgerichtete Handlung. Darum steht nach „an“ der Akkusativ: „an die“.,an_schnittstelle_akk_b1_29,B1,IT,,ready,,
ad_198,2026-02-10T12:17:00Z,,Das Modul hängt ___ Schnittstelle.,an das,an den,an der,an dem,2,an der,Diese Variante beschreibt eine stabile Position. Darum steht nach „an“ der Dativ: „an der“.,an_schnittstelle_dat_b1_29,B1,IT,,ready,,
ad_199,2026-02-10T12:18:00Z,,Heb die Qualität ___ Niveau B1.,auf das,auf der,auf die,auf den,0,auf das,Diese Variante zeigt eine zielgerichtete Handlung. Darum steht nach „auf“ der Akkusativ: „auf das“.,auf_niveau_akk_b1_30,B1,Lernen,,ready,,
ad_200,2026-02-10T12:19:00Z,,Die Qualität liegt ___ Niveau B1.,auf das,auf der,auf dem,auf den,2,auf dem,Diese Variante beschreibt eine stabile Position. Darum steht nach „auf“ der Dativ: „auf dem“.,auf_niveau_dat_b1_30,B1,Lernen,,ready,,
ad_201,2026-02-10T12:20:00Z,,Der Sprecher bringt das Team ___ Druck.,unter den,unter dem,unter der,unter das,0,unter den,Diese Variante zeigt eine zielgerichtete Handlung. Darum steht nach „unter“ der Akkusativ: „unter den“.,unter_druck_akk_b1_31,B1,Arbeit,,ready,,
ad_202,2026-02-10T12:21:00Z,,Das Team steht ___ Druck.,unter dem,unter den,unter der,unter das,0,unter dem,Diese Variante beschreibt eine stabile Position. Darum steht nach „unter“ der Dativ: „unter dem“.,unter_druck_dat_b1_31,B1,Arbeit,,ready,,
ad_203,2026-02-10T12:22:00Z,,Stell das Unternehmen ___ Entscheidung.,vor dem,vor der,vor das,vor die,3,vor die,Diese Variante zeigt eine zielgerichtete Handlung. Darum steht nach „vor“ der Akkusativ: „vor die“.,vor_entscheidung_akk_b1_32,B1,Management,,ready,,
ad_204,2026-02-10T12:23:00Z,,Das Unternehmen steht ___ Entscheidung.,vor das,vor die,vor dem,vor der,3,vor der,Diese Variante beschreibt eine stabile Position. Darum steht nach „vor“ der Dativ: „vor der“.,vor_entscheidung_dat_b1_32,B1,Management,,ready,,
ad_205,2026-02-10T12:24:00Z,,Stell eine solide Quelle ___ Argument.,hinter den,hinter dem,hinter die,hinter das,3,hinter das,Diese Variante zeigt eine zielgerichtete Handlung. Darum steht nach „hinter“ der Akkusativ: „hinter das“.,hinter_argument_akk_b1_33,B1,Argumentation,,ready,,
ad_206,2026-02-10T12:25:00Z,,Eine solide Quelle steht ___ Argument.,hinter dem,hinter das,hinter die,hinter der,0,hinter dem,Diese Variante beschreibt eine stabile Position. Darum steht nach „hinter“ der Dativ: „hinter dem“.,hinter_argument_dat_b1_33,B1,Argumentation,,ready,,
ad_207,2026-02-10T12:26:00Z,,Leg einen Zeitpuffer ___ Plan.,neben den,neben der,neben die,neben das,0,neben den,Diese Variante zeigt eine zielgerichtete Handlung. Darum steht nach „neben“ der Akkusativ: „neben den“.,neben_plan_akk_b1_34,B1,Projekt,,ready,,
ad_208,2026-02-10T12:27:00Z,,Ein Zeitpuffer liegt ___ Plan.,neben den,neben dem,neben der,neben die,1,neben dem,Diese Variante beschreibt eine stabile Position. Darum steht nach „neben“ der Dativ: „neben dem“.,neben_plan_dat_b1_34,B1,Projekt,,ready,,
ad_209,2026-02-10T12:28:00Z,,Finde Balance ___ Priorität und dem Qualitätsziel.,zwischen dem,zwischen das,zwischen den,zwischen die,3,zwischen die,Diese Variante zeigt eine zielgerichtete Handlung. Darum steht nach „zwischen“ der Akkusativ: „zwischen die“.,zwischen_prioritaet_akk_b1_35,B1,Strategie,,ready,,
ad_210,2026-02-10T12:29:00Z,,Die Balance liegt ___ Priorität und dem Qualitätsziel.,zwischen den,zwischen der,zwischen dem,zwischen die,1,zwischen der,Diese Variante beschreibt eine stabile Position. Darum steht nach „zwischen“ der Dativ: „zwischen der“.,zwischen_prioritaet_dat_b1_35,B1,Strategie,,ready,,
