quiz_id,created_at,published_at,question,option_1,option_2,option_3,option_4,correct_option_id,correct_answer,explanation,key,level,category,message_id,status,audio_text,audio_file_id
ps_001,2026-02-12T09:01:00Z,,"Nach dem Kurs gehen wir ___ die Bibliothek, um ein Grammatikbuch auszuleihen.",an,auf,zu,in,3,in,Bei Bewegung in ein Gebäude nutzt man hier „in“ + Akkusativ.,a2_move_1_in_die_bibliothek,A2,Bewegung,,ready,,
ps_002,2026-02-12T09:02:00Z,,"Nach dem Kurs gehen wir ___ das Museum, um die neue Fotoausstellung zu sehen.",an,in,auf,zu,1,in,Bei Bewegung in ein geschlossenes Gebäude passt „in“.,a2_move_2_in_das_museum,A2,Bewegung,,ready,,
ps_003,2026-02-12T09:03:00Z,,"Nach dem Kurs gehen wir ___ den Supermarkt, um schnell Milch zu kaufen.",auf,an,in,zu,2,in,Bei Bewegung in einen Laden verwendet man „in“.,a2_move_3_in_den_supermarkt,A2,Bewegung,,ready,,
ps_004,2026-02-12T09:04:00Z,,"Nach dem Kurs gehen wir ___ die Apotheke, weil ich ein Rezept einlösen muss.",auf,in,an,zu,1,in,Bei Bewegung in eine Apotheke ist „in“ korrekt.,a2_move_4_in_die_apotheke,A2,Bewegung,,ready,,
ps_005,2026-02-12T09:05:00Z,,"Nach dem Kurs gehen wir ___ das Kino, um den Film um 20 Uhr zu sehen.",zu,in,an,auf,1,in,Bei Bewegung in ein Kino nutzt man „in“.,a2_move_5_in_das_kino,A2,Bewegung,,ready,,
ps_006,2026-02-12T09:06:00Z,,"Nach dem Kurs gehen wir ___ den Zoo, damit die Kinder die Tiere sehen.",auf,an,zu,in,3,in,Bei Bewegung in den Zoo passt „in“.,a2_move_6_in_den_zoo,A2,Bewegung,,ready,,
ps_007,2026-02-12T09:07:00Z,,"Nach dem Kurs gehen wir ___ das Theater, weil heute Premiere ist.",zu,auf,an,in,3,in,Bei Bewegung in ein Theater verwendet man „in“.,a2_move_7_in_das_theater,A2,Bewegung,,ready,,
ps_008,2026-02-12T09:08:00Z,,"Nach dem Kurs gehen wir ___ die Innenstadt, um ein Geschenk zu besorgen.",in,auf,zu,an,0,in,Bei Bewegung in einen Stadtbereich nimmt man „in“.,a2_move_8_in_die_innenstadt,A2,Bewegung,,ready,,
ps_009,2026-02-12T09:09:00Z,,"Nach dem Kurs gehen wir ___ den Hörsaal, weil die Vorlesung gleich beginnt.",an,zu,in,auf,2,in,Bei Bewegung in einen Raum ist „in“ richtig.,a2_move_9_in_den_hoersaal,A2,Bewegung,,ready,,
ps_010,2026-02-12T09:10:00Z,,"Nach dem Kurs gehen wir ___ die Werkstatt, um das Fahrrad reparieren zu lassen.",an,auf,in,zu,2,in,Bei Bewegung in eine Werkstatt passt „in“.,a2_move_10_in_die_werkstatt,A2,Bewegung,,ready,,
ps_011,2026-02-12T09:11:00Z,,"Nach dem Kurs gehen wir ___ den Spielplatz, damit die Kinder rutschen können.",auf,in,an,zu,0,auf,Für „Spielplatz“ ist bei Bewegung das feste Muster „auf“ üblich.,a2_move_11_auf_den_spielplatz,A2,Bewegung,,ready,,
ps_012,2026-02-12T09:12:00Z,,"Nach dem Kurs gehen wir ___ den Markt, um frisches Gemüse zu kaufen.",auf,an,in,zu,0,auf,Bei „Markt“ sagt man typischerweise „auf den Markt“.,a2_move_12_auf_den_markt,A2,Bewegung,,ready,,
ps_013,2026-02-12T09:13:00Z,,"Nach dem Kurs gehen wir ___ die Bühne, weil der Vortrag gleich startet.",an,in,zu,auf,3,auf,Bei Bewegung zur Bühnenfläche nutzt man „auf“.,a2_move_13_auf_die_buehne,A2,Bewegung,,ready,,
ps_014,2026-02-12T09:14:00Z,,"Nach dem Kurs gehen wir ___ das Dach, um die Solaranlage zu prüfen.",in,an,zu,auf,3,auf,Bei Bewegung auf eine Oberfläche passt „auf“.,a2_move_14_auf_das_dach,A2,Bewegung,,ready,,
ps_015,2026-02-12T09:15:00Z,,"Nach dem Kurs gehen wir ___ die Insel, weil dort unsere Freunde wohnen.",in,zu,auf,an,2,auf,Bei Inseln verwendet man oft „auf“.,a2_move_15_auf_die_insel,A2,Bewegung,,ready,,
ps_016,2026-02-12T09:16:00Z,,"Nach dem Kurs gehen wir ___ den Balkon, um frische Luft zu holen.",zu,in,an,auf,3,auf,Bei Bewegung auf den Balkon nutzt man „auf“.,a2_move_16_auf_den_balkon,A2,Bewegung,,ready,,
ps_017,2026-02-12T09:17:00Z,,"Nach dem Kurs gehen wir ___ die Messe, um neue Geräte zu testen.",an,zu,in,auf,3,auf,Bei Veranstaltungen wie „Messe“ sagt man „auf die Messe“.,a2_move_17_auf_die_messe,A2,Bewegung,,ready,,
ps_018,2026-02-12T09:18:00Z,,"Nach dem Kurs gehen wir ___ den Strand, um den Sonnenuntergang zu sehen.",an,zu,in,auf,0,an,Bei Küsten-/Strandzielen ist „an“ üblich.,a2_move_18_an_den_strand,A2,Bewegung,,ready,,
ps_019,2026-02-12T09:19:00Z,,"Nach dem Kurs gehen wir ___ die Küste, weil wir am Meer wandern wollen.",zu,auf,in,an,3,an,Bei Bewegung zur Küste verwendet man „an“.,a2_move_19_an_die_kueste,A2,Bewegung,,ready,,
ps_020,2026-02-12T09:20:00Z,,"Nach dem Kurs gehen wir ___ den Fluss, um dort zu picknicken.",an,zu,in,auf,0,an,Bei Bewegung an ein Gewässer passt „an“.,a2_move_20_an_den_fluss,A2,Bewegung,,ready,,
ps_021,2026-02-12T09:21:00Z,,"Nach dem Kurs gehen wir ___ die Tafel, um die Lösung zu erklären.",in,auf,an,zu,2,an,Bei Bewegung zu einer senkrechten Fläche nimmt man „an“.,a2_move_21_an_die_tafel,A2,Bewegung,,ready,,
ps_022,2026-02-12T09:22:00Z,,"Nach dem Kurs gehen wir ___ die Wand, um das neue Poster zu hängen.",in,auf,an,zu,2,an,Bei „etwas an die Wand hängen“ ist „an“ korrekt.,a2_move_22_an_die_wand,A2,Bewegung,,ready,,
ps_023,2026-02-12T09:23:00Z,,"Nach dem Kurs gehen wir ___ dem Arzt, weil ich starke Kopfschmerzen habe.",in,an,auf,zu,3,zu,Bei Personen/Institutionen ist hier „zu“ + Dativ korrekt.,a2_move_23_zu_dem_arzt,A2,Bewegung,,ready,,
ps_024,2026-02-12T09:24:00Z,,"Nach dem Kurs gehen wir ___ der Ärztin, weil ich einen Termin um 9 Uhr habe.",auf,in,zu,an,2,zu,Bei Bewegung zu einer Person nutzt man „zu“.,a2_move_24_zu_der_aerztin,A2,Bewegung,,ready,,
ps_025,2026-02-12T09:25:00Z,,"Nach dem Kurs gehen wir ___ der Post, um ein Paket abzuholen.",an,in,auf,zu,3,zu,Bei Bewegung zur Institution passt „zu“.,a2_move_25_zu_der_post,A2,Bewegung,,ready,,
ps_026,2026-02-12T09:26:00Z,,"Nach dem Kurs gehen wir ___ der Bank, weil ich einen Termin mit der Beraterin habe.",zu,auf,in,an,0,zu,Bei Ziel „Bank“ ist „zu“ üblich.,a2_move_26_zu_der_bank,A2,Bewegung,,ready,,
ps_027,2026-02-12T09:27:00Z,,"Nach dem Kurs gehen wir ___ dem Bahnhof, damit wir den Zug nicht verpassen.",zu,in,an,auf,0,zu,Bei Richtung zu einem Ort: „zu“ + Dativ.,a2_move_27_zu_dem_bahnhof,A2,Bewegung,,ready,,
ps_028,2026-02-12T09:28:00Z,,"Nach dem Kurs gehen wir ___ der Haltestelle, weil der Bus in drei Minuten kommt.",in,auf,zu,an,2,zu,Bei Bewegung zur Haltestelle nimmt man „zu“.,a2_move_28_zu_der_haltestelle,A2,Bewegung,,ready,,
ps_029,2026-02-12T09:29:00Z,,"Nach dem Kurs gehen wir ___ dem Eingang, weil die Tür gleich geöffnet wird.",in,an,auf,zu,3,zu,Bei Bewegung zu einem Punkt ist „zu“ korrekt.,a2_move_29_zu_dem_eingang,A2,Bewegung,,ready,,
ps_030,2026-02-12T09:30:00Z,,"Nach dem Kurs gehen wir ___ der Rezeption, um den Schlüssel abzuholen.",auf,zu,in,an,1,zu,Bei Bewegung zur Rezeption verwendet man „zu“.,a2_move_30_zu_der_rezeption,A2,Bewegung,,ready,,
ps_031,2026-02-12T09:31:00Z,,"Nach dem Kurs gehen wir ___ Berlin, weil dort eine Konferenz stattfindet.",zu,nach,in,an,1,nach,Bei Städten ohne Artikel nutzt man „nach“.,a2_move_31_nach_berlin,A2,Bewegung,,ready,,
ps_032,2026-02-12T09:32:00Z,,"Nach dem Kurs gehen wir ___ München, um meine Schwester zu besuchen.",in,nach,zu,an,1,nach,Bei Städten ist „nach“ korrekt.,a2_move_32_nach_muenchen,A2,Bewegung,,ready,,
ps_033,2026-02-12T09:33:00Z,,"Nach dem Kurs gehen wir ___ Hause, denn es ist schon sehr spät.",an,zu,nach,in,2,nach,Für die Richtung nach Hause verwendet man „nach“.,a2_move_33_nach_hause,A2,Bewegung,,ready,,
ps_034,2026-02-12T09:34:00Z,,"Nach dem Kurs gehen wir ___ links, weil das Café dort liegt.",an,nach,zu,in,1,nach,Richtungsangaben mit „links/rechts“ stehen oft mit „nach“.,a2_move_34_nach_links,A2,Bewegung,,ready,,
ps_035,2026-02-12T09:35:00Z,,"Nach dem Kurs gehen wir ___ rechts, damit wir zur Brücke kommen.",zu,in,nach,an,2,nach,Richtungsangabe: „nach rechts“.,a2_move_35_nach_rechts,A2,Bewegung,,ready,,
ps_036,2026-02-12T09:36:00Z,,Wir sind gerade ___ der Bibliothek um ruhig zu lernen.,in,an,zu,auf,0,in,Bei einem Ort innerhalb eines Gebäudes nutzt man „in“ + Dativ.,a2_loc_1_in_der_bibliothek,A2,Ort,,ready,,
ps_037,2026-02-12T09:37:00Z,,Wir sind gerade ___ dem Museum weil es draußen regnet.,in,auf,zu,an,0,in,Für einen Ort im Gebäude passt „in“.,a2_loc_2_in_dem_museum,A2,Ort,,ready,,
ps_038,2026-02-12T09:38:00Z,,Wir sind gerade ___ dem Supermarkt und vergleichen die Preise.,auf,zu,an,in,3,in,Bei Position im Laden verwendet man „in“.,a2_loc_3_in_dem_supermarkt,A2,Ort,,ready,,
ps_039,2026-02-12T09:39:00Z,,Wir sind gerade ___ der Apotheke und warte auf die Medikamente.,an,in,zu,auf,1,in,Bei Position in einer Apotheke ist „in“ korrekt.,a2_loc_4_in_der_apotheke,A2,Ort,,ready,,
ps_040,2026-02-12T09:40:00Z,,Wir sind gerade ___ dem Kino und essen Popcorn.,an,zu,in,auf,2,in,Bei Position im Kino nimmt man „in“.,a2_loc_5_in_dem_kino,A2,Ort,,ready,,
ps_041,2026-02-12T09:41:00Z,,Wir sind gerade ___ der Innenstadt und trinken einen Kaffee.,auf,an,in,zu,2,in,Bei Ort innerhalb eines Bereichs passt „in“.,a2_loc_6_in_der_innenstadt,A2,Ort,,ready,,
ps_042,2026-02-12T09:42:00Z,,Wir sind gerade ___ dem Hörsaal und hören aufmerksam zu.,in,zu,auf,an,0,in,Bei Position in einem Raum: „in“.,a2_loc_7_in_dem_hoersaal,A2,Ort,,ready,,
ps_043,2026-02-12T09:43:00Z,,Wir sind gerade ___ der Werkstatt und bespreche den Reparaturplan.,an,in,auf,zu,1,in,Ort im Betrieb: „in“ + Dativ.,a2_loc_8_in_der_werkstatt,A2,Ort,,ready,,
ps_044,2026-02-12T09:44:00Z,,Wir sind gerade ___ dem Büro und bereite die Präsentation vor.,zu,auf,in,an,2,in,Bei Position im Büro ist „in“ richtig.,a2_loc_9_in_dem_buero,A2,Ort,,ready,,
ps_045,2026-02-12T09:45:00Z,,Wir sind gerade ___ der Küche und kochen gemeinsam.,an,zu,auf,in,3,in,Ort im Raum: „in“.,a2_loc_10_in_der_kueche,A2,Ort,,ready,,
ps_046,2026-02-12T09:46:00Z,,Wir sind gerade ___ dem Wohnzimmer und sehen Nachrichten.,auf,in,zu,an,1,in,Ort innerhalb eines Zimmers: „in“.,a2_loc_11_in_dem_wohnzimmer,A2,Ort,,ready,,
ps_047,2026-02-12T09:47:00Z,,Wir sind gerade ___ dem Spielplatz und beobachten die Kinder.,bei,auf,an,in,1,auf,Bei Position auf einer Fläche wie „Spielplatz“ nimmt man „auf“.,a2_loc_12_auf_dem_spielplatz,A2,Ort,,ready,,
ps_048,2026-02-12T09:48:00Z,,Wir sind gerade ___ dem Markt und kaufen Obst.,an,auf,in,bei,1,auf,Bei Position auf dem Markt nutzt man „auf“.,a2_loc_13_auf_dem_markt,A2,Ort,,ready,,
ps_049,2026-02-12T09:49:00Z,,Wir sind gerade ___ der Bühne und hält eine kurze Rede.,auf,bei,in,an,0,auf,Ort auf einer Bühne: „auf“.,a2_loc_14_auf_der_buehne,A2,Ort,,ready,,
ps_050,2026-02-12T09:50:00Z,,Wir sind gerade ___ dem Dach und kontrolliert die Antenne.,an,in,bei,auf,3,auf,Position auf einer Oberfläche: „auf“.,a2_loc_15_auf_dem_dach,A2,Ort,,ready,,
ps_051,2026-02-12T09:51:00Z,,Wir sind gerade ___ der Insel und mieten Fahrräder.,in,bei,auf,an,2,auf,Bei Inseln ist „auf“ üblich.,a2_loc_16_auf_der_insel,A2,Ort,,ready,,
ps_052,2026-02-12T09:52:00Z,,Wir sind gerade ___ dem Balkon und lesen ein Buch.,bei,in,an,auf,3,auf,Position auf dem Balkon: „auf“.,a2_loc_17_auf_dem_balkon,A2,Ort,,ready,,
ps_053,2026-02-12T09:53:00Z,,Wir sind gerade ___ dem Strand und hören die Wellen.,auf,an,vor,in,1,an,Position am Wasser/Strand: „an“.,a2_loc_18_an_dem_strand,A2,Ort,,ready,,
ps_054,2026-02-12T09:54:00Z,,Wir sind gerade ___ der Küste und fotografieren den Leuchtturm.,auf,an,in,vor,1,an,Ort an einer Küstenlinie: „an“.,a2_loc_19_an_der_kueste,A2,Ort,,ready,,
ps_055,2026-02-12T09:55:00Z,,Wir sind gerade ___ dem Fluss und machen eine Pause.,an,in,auf,vor,0,an,Ort am Gewässer: „an“.,a2_loc_20_an_dem_fluss,A2,Ort,,ready,,
ps_056,2026-02-12T09:56:00Z,,Wir sind gerade ___ der Tafel und erklärt die Grammatik.,in,auf,vor,an,3,an,Position an einer senkrechten Fläche: „an“.,a2_loc_21_an_der_tafel,A2,Ort,,ready,,
ps_057,2026-02-12T09:57:00Z,,Wir sind gerade ___ der Wand und hängt die Bilder auf.,auf,an,in,vor,1,an,Bei Position an der Wand ist „an“ korrekt.,a2_loc_22_an_der_wand,A2,Ort,,ready,,
ps_058,2026-02-12T09:58:00Z,,Wir sind gerade ___ dem Fenster und beobachtet den Regen.,am,beim,auf dem,im,0,am,Mit „Fenster“ ist als fester Ort oft „am“ üblich.,a2_loc_23_am_dem_fenster,A2,Ort,,ready,,
ps_059,2026-02-12T09:59:00Z,,Wir sind gerade ___ Bahnhof und warten auf den Regionalzug.,im,am,auf dem,beim,1,am,Bei Treffpunkt „Bahnhof“ ist „am“ die Standardform.,a2_loc_24_am_bahnhof,A2,Ort,,ready,,
ps_060,2026-02-12T10:00:00Z,,Wir sind gerade ___ Arzt und bespreche die Ergebnisse.,auf dem,beim,im,am,1,beim,Bei Aufenthalt bei einer Person: „bei“ + Dativ.,a2_loc_25_beim_arzt,A2,Ort,,ready,,
ps_061,2026-02-12T10:01:00Z,,Wir sind gerade ___ Bäcker und kaufe Brötchen.,auf dem,im,beim,am,2,beim,Bei Aufenthalt im Geschäft als Personenziel: „beim“.,a2_loc_26_beim_baecker,A2,Ort,,ready,,
ps_062,2026-02-12T10:02:00Z,,Wir sind gerade ___ Kundin und kläre die Details.,auf der,in der,bei der,an der,2,bei der,Bei Aufenthalt bei einer Person nutzt man „bei“.,a2_loc_27_bei_der_kundin,A2,Ort,,ready,,
ps_063,2026-02-12T10:03:00Z,,Wir sind gerade ___ Eingang und kontrolliert die Tickets.,im,beim,auf dem,am,3,am,Bei Position an einem Zugangspunkt ist „am“ üblich.,a2_loc_28_am_eingang,A2,Ort,,ready,,
ps_064,2026-02-12T10:04:00Z,,Wir sind gerade ___ Rezeption und frage nach dem WLAN-Passwort.,in der,an der,auf der,vor der,1,an der,Bei Position an der Theke/Rezeption passt „an“.,a2_loc_29_an_der_rezeption,A2,Ort,,ready,,
ps_065,2026-02-12T10:05:00Z,,Wir sind gerade ___ Haltestelle und schauen auf den Fahrplan.,an der,auf der,in der,vor der,0,an der,Bei Ort an der Haltestelle verwendet man „an“.,a2_loc_30_an_der_haltestelle,A2,Ort,,ready,,
ps_066,2026-02-12T10:06:00Z,,Wir sind gerade ___ dem Tisch und planen die nächste Reise.,auf,an,in,vor,1,an,Für sitzen/arbeiten am Tisch gilt „an“ + Dativ.,a2_loc_31_an_dem_tisch,A2,Ort,,ready,,
ps_067,2026-02-12T10:07:00Z,,Wir sind gerade ___ dem Computer und schreibe den Bericht.,im,am,beim,auf dem,1,am,Bei Arbeit mit Computer ist „am Computer“ üblich.,a2_loc_32_am_dem_computer,A2,Ort,,ready,,
ps_068,2026-02-12T10:08:00Z,,Wir sind gerade ___ der Kreuzung und warten auf Grün.,auf,vor,in,an,3,an,Position an einem städtischen Punkt: „an“.,a2_loc_33_an_der_kreuzung,A2,Ort,,ready,,
ps_069,2026-02-12T10:09:00Z,,Wir sind gerade ___ dem Eingang und warte auf dich.,in,neben,hinter,vor,3,vor,Bei Position davor passt „vor“.,a2_loc_34_vor_dem_eingang,A2,Ort,,ready,,
ps_070,2026-02-12T10:10:00Z,,Wir sind gerade ___ dem Gebäude und parken die Fahrräder.,vor,unter,neben,hinter,3,hinter,Bei Position auf der Rückseite nutzt man „hinter“.,a2_loc_35_hinter_dem_gebaeude,A2,Ort,,ready,,
ps_071,2026-02-12T10:11:00Z,,Ich warte seit zehn Minuten ___ den Bus.,auf,mit,bei,für,0,auf,Das Verb „warten“ steht mit „auf“ + Akkusativ.,a2_verb_1_auf,A2,Verb mit Präposition,,ready,,
ps_072,2026-02-12T10:12:00Z,,Wir sprechen oft ___ unseren neuen Kurs.,von,über,für,mit,1,über,Für ein Thema verwendet man hier „über“.,a2_verb_2_ueber,A2,Verb mit Präposition,,ready,,
ps_073,2026-02-12T10:13:00Z,,Sie denkt noch ___ die Prüfung morgen.,an,zu,über,für,0,an,„denken an“ ist die feste Verbindung.,a2_verb_3_an,A2,Verb mit Präposition,,ready,,
ps_074,2026-02-12T10:14:00Z,,Er interessiert sich sehr ___ moderne Architektur.,an,mit,für,über,2,für,„sich interessieren“ verlangt „für“ + Akkusativ.,a2_verb_4_fuer,A2,Verb mit Präposition,,ready,,
ps_075,2026-02-12T10:15:00Z,,Ich träume manchmal ___ einem Haus am See.,für,an,über,von,3,von,„träumen von“ ist die richtige Konstruktion.,a2_verb_5_von,A2,Verb mit Präposition,,ready,,
ps_076,2026-02-12T10:16:00Z,,Wir fragen die Lehrerin ___ dem nächsten Test.,über,zu,für,nach,3,nach,„fragen nach“ nutzt man für gewünschte Information.,a2_verb_6_nach,A2,Verb mit Präposition,,ready,,
ps_077,2026-02-12T10:17:00Z,,Sie beginnt heute ___ einem neuen Projekt.,mit,an,bei,zu,0,mit,„beginnen mit“ ist die feste Form.,a2_verb_7_mit,A2,Verb mit Präposition,,ready,,
ps_078,2026-02-12T10:18:00Z,,Er hört im Januar ___ dem Rauchen auf.,von,bei,mit,zu,2,mit,„aufhören mit“ steht mit Dativ.,a2_verb_8_mit,A2,Verb mit Präposition,,ready,,
ps_079,2026-02-12T10:19:00Z,,Bitte hilf mir ___ diesem Formular.,an,für,mit,bei,3,bei,„helfen bei“ ist hier korrekt.,a2_verb_9_bei,A2,Verb mit Präposition,,ready,,
ps_080,2026-02-12T10:20:00Z,,Wir laden unsere Freunde ___ der Eröffnung ein.,zu,an,auf,für,0,zu,„einladen zu“ passt bei Ereignissen.,a2_verb_10_zu,A2,Verb mit Präposition,,ready,,
ps_081,2026-02-12T10:21:00Z,,Sie kümmert sich liebevoll ___ ihre Großmutter.,bei,an,um,für,2,um,„sich kümmern um“ fordert Akkusativ.,a2_verb_11_um,A2,Verb mit Präposition,,ready,,
ps_082,2026-02-12T10:22:00Z,,Er erzählt uns ___ seiner Reise nach Wien.,mit,über,von,zu,2,von,„erzählen von“ verwendet man für Berichte.,a2_verb_12_von,A2,Verb mit Präposition,,ready,,
ps_083,2026-02-12T10:23:00Z,,Ich glaube fest ___ deine Idee.,an,mit,in,auf,0,an,„glauben an“ zeigt Überzeugung.,a2_verb_13_an,A2,Verb mit Präposition,,ready,,
ps_084,2026-02-12T10:24:00Z,,Wir fahren morgen ___ Berlin.,zu,in,auf,nach,3,nach,Bei Städten ohne Artikel nutzt man „nach“.,a2_verb_14_nach,A2,Verb mit Präposition,,ready,,
ps_085,2026-02-12T10:25:00Z,,Sie kommt gerade ___ der Schweiz zurück.,von,bei,nach,aus,3,aus,Für Herkunft aus einem Land mit Artikel passt „aus“.,a2_verb_15_aus,A2,Verb mit Präposition,,ready,,
ps_086,2026-02-12T10:26:00Z,,Er kommt pünktlich ___ der Arbeit.,von,nach,zu,aus,0,von,Bei Herkunft von einer Tätigkeit/Institution: „von“.,a2_verb_16_von,A2,Verb mit Präposition,,ready,,
ps_087,2026-02-12T10:27:00Z,,Wir fahren jeden Tag ___ dem Bus zur Arbeit.,auf,bei,in,mit,3,mit,Für Verkehrsmittel nutzt man „mit“ + Dativ.,a2_verb_17_mit,A2,Verb mit Präposition,,ready,,
ps_088,2026-02-12T10:28:00Z,,Sie fährt jeden Morgen ___ dem Fahrrad zur Uni.,bei,mit,auf,in,1,mit,Transportmittel: „mit dem Fahrrad“.,a2_verb_18_mit,A2,Verb mit Präposition,,ready,,
ps_089,2026-02-12T10:29:00Z,,Ich gehe heute Abend ___ meinen Freunden essen.,nach,mit,zu,bei,1,mit,Begleitung drückt man mit „mit“ aus.,a2_verb_19_mit,A2,Verb mit Präposition,,ready,,
ps_090,2026-02-12T10:30:00Z,,Er bedankt sich herzlich ___ die Einladung.,über,an,für,bei,2,für,„sich bedanken für“ nennt den Grund.,a2_verb_20_fuer,A2,Verb mit Präposition,,ready,,
ps_091,2026-02-12T10:31:00Z,,Wir bedanken uns später ___ der Gastgeberin.,an,bei,für,mit,1,bei,„sich bedanken bei“ nennt die Person.,a2_verb_21_bei,A2,Verb mit Präposition,,ready,,
ps_092,2026-02-12T10:32:00Z,,Sie erinnert sich genau ___ diesen Moment.,über,auf,zu,an,3,an,„sich erinnern an“ ist die feste Verbindung.,a2_verb_22_an,A2,Verb mit Präposition,,ready,,
ps_093,2026-02-12T10:33:00Z,,Ich antworte gleich ___ deine Nachricht.,zu,für,an,auf,3,auf,Auf etwas reagieren: „antworten auf“.,a2_verb_23_auf,A2,Verb mit Präposition,,ready,,
ps_094,2026-02-12T10:34:00Z,,Wir bitten den Kunden ___ etwas Geduld.,um,für,an,auf,0,um,„bitten um“ steht mit Akkusativ.,a2_verb_24_um,A2,Verb mit Präposition,,ready,,
ps_095,2026-02-12T10:35:00Z,,Er passt gut ___ unser kleines Team.,in,an,auf,zu,0,in,Bei Integration in eine Gruppe passt „in“.,a2_verb_25_in,A2,Verb mit Präposition,,ready,,
ps_096,2026-02-12T10:36:00Z,,Die Krawatte passt perfekt ___ dem Hemd.,bei,in,an,zu,3,zu,„passen zu“ zeigt passende Kombination.,a2_verb_26_zu,A2,Verb mit Präposition,,ready,,
ps_097,2026-02-12T10:37:00Z,,Ich freue mich schon ___ das Wochenende.,für,an,auf,über,2,auf,Zukünftiges Ereignis: „sich freuen auf“.,a2_verb_27_auf,A2,Verb mit Präposition,,ready,,
ps_098,2026-02-12T10:38:00Z,,Sie freut sich sehr ___ das gute Ergebnis.,über,auf,an,für,0,über,Reaktion auf ein Ergebnis: „sich freuen über“.,a2_verb_28_ueber,A2,Verb mit Präposition,,ready,,
ps_099,2026-02-12T10:39:00Z,,Wir verzichten heute ___ Zucker im Kaffee.,bei,zu,an,auf,3,auf,„verzichten auf“ ist die richtige Konstruktion.,a2_verb_29_auf,A2,Verb mit Präposition,,ready,,
ps_100,2026-02-12T10:40:00Z,,Er bereitet sich intensiv ___ die Prüfung vor.,an,auf,zu,für,1,auf,„sich vorbereiten auf“ steht mit Akkusativ.,a2_verb_30_auf,A2,Verb mit Präposition,,ready,,
ps_101,2026-02-12T10:41:00Z,,Ich konzentriere mich jetzt ___ die Aufgabe.,an,auf,zu,für,1,auf,„sich konzentrieren auf“ ist korrekt.,a2_verb_31_auf,A2,Verb mit Präposition,,ready,,
ps_102,2026-02-12T10:42:00Z,,Wir lachen oft ___ denselben Witz.,für,an,über,auf,2,über,Bei Reaktion auf einen Witz nutzt man „über“.,a2_verb_32_ueber,A2,Verb mit Präposition,,ready,,
ps_103,2026-02-12T10:43:00Z,,Sie schreibt regelmäßig ___ ihren Bruder in Kanada.,auf,zu,an,für,2,an,Einen Brief/eine Mail an jemanden: „an“.,a2_verb_33_an,A2,Verb mit Präposition,,ready,,
ps_104,2026-02-12T10:44:00Z,,Er arbeitet heute ___ einem neuen Bericht.,bei,an,mit,in,1,an,„arbeiten an“ bezeichnet die konkrete Aufgabe.,a2_verb_34_an,A2,Verb mit Präposition,,ready,,
ps_105,2026-02-12T10:45:00Z,,Ich lerne gerade ___ der Prüfung nächste Woche.,zu,an,für,auf,2,für,Zweck/Ziel: „lernen für“.,a2_verb_35_fuer,A2,Verb mit Präposition,,ready,,
ps_106,2026-02-12T10:46:00Z,,Die Entscheidung hängt stark ___ den aktuellen Zahlen ab.,über,von,an,mit,1,von,„abhängen von“ ist die feste B1-Verbindung.,b1_verb_1_von,B1,Verb mit Präposition,,ready,,
ps_107,2026-02-12T10:47:00Z,,Unsere Strategie basiert ___ mehreren Marktanalysen.,an,von,auf,mit,2,auf,„basieren auf“ nutzt man für Grundlagen.,b1_verb_2_auf,B1,Verb mit Präposition,,ready,,
ps_108,2026-02-12T10:48:00Z,,Das Team verfügt ___ langjährige Praxiserfahrung.,von,mit,über,an,2,über,„verfügen über“ bedeutet etwas besitzen/haben.,b1_verb_3_ueber,B1,Verb mit Präposition,,ready,,
ps_109,2026-02-12T10:49:00Z,,Viele Start-ups scheitern ___ fehlender Finanzierung.,von,an,durch,bei,1,an,„scheitern an“ nennt die Ursache als Hindernis.,b1_verb_4_an,B1,Verb mit Präposition,,ready,,
ps_110,2026-02-12T10:50:00Z,,Wir arbeiten bereits ___ einer langfristigen Lösung.,auf,an,in,bei,1,an,An einem Projekt arbeiten: „arbeiten an“.,b1_verb_5_an,B1,Verb mit Präposition,,ready,,
ps_111,2026-02-12T10:51:00Z,,Das Angebot richtet sich ___ Berufstätige mit wenig Zeit.,an,für,auf,zu,0,an,„sich richten an“ benennt die Zielgruppe.,b1_verb_6_an,B1,Verb mit Präposition,,ready,,
ps_112,2026-02-12T10:52:00Z,,Die Firma investiert gezielt ___ digitale Weiterbildung.,für,auf,in,an,2,in,Geld/Resources investieren: „investieren in“.,b1_verb_7_in,B1,Verb mit Präposition,,ready,,
ps_113,2026-02-12T10:53:00Z,,Viele Prozesse leiden ___ schlechter interner Kommunikation.,an,unter,über,bei,1,unter,Bei belastenden Umständen nutzt man „leiden unter“.,b1_verb_8_unter,B1,Verb mit Präposition,,ready,,
ps_114,2026-02-12T10:54:00Z,,Wir diskutieren morgen ___ die neuen Prioritäten.,an,über,für,mit,1,über,Thema einer Diskussion: „über“.,b1_verb_9_ueber,B1,Verb mit Präposition,,ready,,
ps_115,2026-02-12T10:55:00Z,,Das Unternehmen reagiert schnell ___ Kundenfeedback.,über,an,auf,mit,2,auf,Reaktion auf Impulse: „reagieren auf“.,b1_verb_10_auf,B1,Verb mit Präposition,,ready,,
ps_116,2026-02-12T10:56:00Z,,Ich zweifle nicht ___ seiner fachlichen Kompetenz.,auf,über,an,zu,2,an,„zweifeln an“ steht mit Dativ.,b1_verb_11_an,B1,Verb mit Präposition,,ready,,
ps_117,2026-02-12T10:57:00Z,,Sie nimmt regelmäßig ___ Fortbildungen im Ausland teil.,an,bei,zu,auf,0,an,„teilnehmen an“ ist die feste Verbindung.,b1_verb_12_an,B1,Verb mit Präposition,,ready,,
ps_118,2026-02-12T10:58:00Z,,Er bewirbt sich ___ eine Stelle im Vertrieb.,an,um,für,bei,1,um,„sich bewerben um“ bezieht sich auf die Stelle.,b1_verb_13_um,B1,Verb mit Präposition,,ready,,
ps_119,2026-02-12T10:59:00Z,,Sie bewirbt sich parallel ___ einem internationalen Konzern.,an,um,zu,bei,3,bei,„sich bewerben bei“ bezieht sich auf die Firma.,b1_verb_14_bei,B1,Verb mit Präposition,,ready,,
ps_120,2026-02-12T11:00:00Z,,Wir profitieren deutlich ___ dem neuen Onboarding-Prozess.,bei,über,von,an,2,von,Nutzen aus etwas ziehen: „profitieren von“.,b1_verb_15_von,B1,Verb mit Präposition,,ready,,
ps_121,2026-02-12T11:01:00Z,,Die App schützt Nutzer besser ___ Datenverlust.,über,an,gegen,vor,3,vor,Schutz vor Gefahr: „schützen vor“.,b1_verb_16_vor,B1,Verb mit Präposition,,ready,,
ps_122,2026-02-12T11:02:00Z,,Das Team warnt frühzeitig ___ möglichen Risiken.,bei,an,über,vor,3,vor,„warnen vor“ benennt eine drohende Gefahr.,b1_verb_17_vor,B1,Verb mit Präposition,,ready,,
ps_123,2026-02-12T11:03:00Z,,Ich rechne fest ___ deiner Rückmeldung bis Freitag.,an,mit,auf,für,1,mit,Erwartung ausdrücken: „rechnen mit“.,b1_verb_18_mit,B1,Verb mit Präposition,,ready,,
ps_124,2026-02-12T11:04:00Z,,Viele Regeln beziehen sich direkt ___ den Datenschutz.,für,über,auf,an,2,auf,„sich beziehen auf“ nennt den Bezugspunkt.,b1_verb_19_auf,B1,Verb mit Präposition,,ready,,
ps_125,2026-02-12T11:05:00Z,,Sie überzeugt den Vorstand ___ ihrem Konzept.,mit,von,an,für,1,von,„überzeugen von“ ist korrekt.,b1_verb_20_von,B1,Verb mit Präposition,,ready,,
ps_126,2026-02-12T11:06:00Z,,Das Seminar besteht ___ drei kompakten Modulen.,in,aus,mit,von,1,aus,Zusammensetzung: „bestehen aus“.,b1_verb_21_aus,B1,Verb mit Präposition,,ready,,
ps_127,2026-02-12T11:07:00Z,,Die Qualität hängt nicht nur ___ dem Preis ab.,an,zu,über,von,3,von,Bei Abhängigkeit verwendet man „von“.,b1_verb_22_von,B1,Verb mit Präposition,,ready,,
ps_128,2026-02-12T11:08:00Z,,Wir konzentrieren uns im Workshop ___ konkrete Fallbeispiele.,für,auf,in,an,1,auf,Fokus auf etwas: „sich konzentrieren auf“.,b1_verb_23_auf,B1,Verb mit Präposition,,ready,,
ps_129,2026-02-12T11:09:00Z,,Die Teilnehmenden tauschen sich ___ praktische Erfahrungen aus.,auf,von,an,über,3,über,Austausch zum Thema: „sich austauschen über“.,b1_verb_24_ueber,B1,Verb mit Präposition,,ready,,
ps_130,2026-02-12T11:10:00Z,,Ich bereite mich gerade ___ das Fachgespräch vor.,an,mit,für,auf,3,auf,Vorbereitung auf ein Ereignis: „auf“.,b1_verb_25_auf,B1,Verb mit Präposition,,ready,,
ps_131,2026-02-12T11:11:00Z,,Unsere Kundin beschwert sich ___ die lange Lieferzeit.,über,an,mit,auf,0,über,„sich beschweren über“ benennt den Anlass.,b1_verb_26_ueber,B1,Verb mit Präposition,,ready,,
ps_132,2026-02-12T11:12:00Z,,Die Nachfrage ___ regionalen Produkten steigt weiter.,nach,für,über,an,0,nach,„Nachfrage nach“ ist die richtige Nomen-Verb-Verbindung.,b1_verb_27_nach,B1,Verb mit Präposition,,ready,,
ps_133,2026-02-12T11:13:00Z,,Wir vergleichen die Ergebnisse ___ dem Vorjahr.,an,mit,zu,bei,1,mit,Vergleich zweier Dinge: „vergleichen mit“.,b1_verb_28_mit,B1,Verb mit Präposition,,ready,,
ps_134,2026-02-12T11:14:00Z,,Bitte informiere das Team ___ die Terminänderung.,an,über,zu,für,1,über,„informieren über“ gibt ein Thema an.,b1_verb_29_ueber,B1,Verb mit Präposition,,ready,,
ps_135,2026-02-12T11:15:00Z,,Der Bericht konzentriert sich ___ konkrete Maßnahmen.,auf,an,über,bei,0,auf,„sich konzentrieren auf“ passt auch bei Texten.,b1_verb_30_auf,B1,Verb mit Präposition,,ready,,
ps_136,2026-02-12T11:16:00Z,,Viele Lernende haben Angst ___ spontanen Gesprächen.,über,mit,an,vor,3,vor,„Angst vor“ ist die korrekte Verbindung.,b1_verb_31_vor,B1,Verb mit Präposition,,ready,,
ps_137,2026-02-12T11:17:00Z,,Die Organisation setzt sich aktiv ___ Chancengleichheit ein.,für,zu,auf,an,0,für,Engagement für ein Ziel: „sich einsetzen für“.,b1_verb_32_fuer,B1,Verb mit Präposition,,ready,,
ps_138,2026-02-12T11:18:00Z,,Unsere Planung orientiert sich ___ realistischen Fristen.,zu,für,auf,an,3,an,„sich orientieren an“ gibt den Maßstab an.,b1_verb_33_an,B1,Verb mit Präposition,,ready,,
ps_139,2026-02-12T11:19:00Z,,Er entschied sich schließlich ___ einen beruflichen Neustart.,für,zu,an,auf,0,für,Entscheidung zwischen Optionen: „sich entscheiden für“.,b1_verb_34_fuer,B1,Verb mit Präposition,,ready,,
ps_140,2026-02-12T11:20:00Z,,Die Redaktion besteht ___ klaren Qualitätsregeln.,aus,an,von,bei,0,aus,Zusammensetzung/Bestandteile: „bestehen aus“.,b1_verb_35_aus,B1,Verb mit Präposition,,ready,,
ps_141,2026-02-12T11:21:00Z,,Wir laden die Partner ___ einem Strategietreffen ein.,auf,an,für,zu,3,zu,Einladung zu einem Termin/Ereignis: „zu“.,b1_verb_36_zu,B1,Verb mit Präposition,,ready,,
ps_142,2026-02-12T11:22:00Z,,Die Maßnahme trägt direkt ___ Kostensenkung bei.,an,zur,zu,für,1,zur,Fester Ausdruck: „zu etwas beitragen“ -> „zur“.,b1_verb_37_zur,B1,Verb mit Präposition,,ready,,
ps_143,2026-02-12T11:23:00Z,,Die Einigung führte schnell ___ mehr Planungssicherheit.,zu,an,auf,in,0,zu,Ergebnis/Folge: „führen zu“ + Dativ.,b1_verb_38_zu,B1,Verb mit Präposition,,ready,,
ps_144,2026-02-12T11:24:00Z,,Die Studie weist ___ deutliche regionale Unterschiede hin.,über,zu,auf,an,2,auf,„hinweisen auf“ ist die korrekte Form.,b1_verb_39_auf,B1,Verb mit Präposition,,ready,,
ps_145,2026-02-12T11:25:00Z,,Viele Mitarbeitende gewöhnen sich erst langsam ___ das neue Tool.,auf,bei,an,zu,2,an,„sich gewöhnen an“ ist korrekt.,b1_verb_40_an,B1,Verb mit Präposition,,ready,,
ps_146,2026-02-12T11:26:00Z,,Ich erinnere das Team ___ die Deadline am Montag.,an,auf,zu,für,0,an,Jemanden an etwas erinnern: „an“.,b1_verb_41_an,B1,Verb mit Präposition,,ready,,
ps_147,2026-02-12T11:27:00Z,,Der Trainer fordert die Gruppe ___ aktiver Mitarbeit auf.,zu,für,an,bei,0,zu,„auffordern zu“ + Dativ ist die feste Verbindung.,b1_verb_42_zu,B1,Verb mit Präposition,,ready,,
ps_148,2026-02-12T11:28:00Z,,Das Unternehmen hält konsequent ___ seiner Nachhaltigkeitsstrategie fest.,auf,über,an,zu,2,an,„festhalten an“ ist die korrekte Struktur.,b1_verb_43_an,B1,Verb mit Präposition,,ready,,
ps_149,2026-02-12T11:29:00Z,,Unsere Ziele stimmen gut ___ den verfügbaren Ressourcen überein.,an,mit,zu,bei,1,mit,„übereinstimmen mit“ benutzt man für Kongruenz.,b1_verb_44_mit,B1,Verb mit Präposition,,ready,,
ps_150,2026-02-12T11:30:00Z,,Der Erfolg beruht vor allem ___ guter Teamarbeit.,von,auf,mit,an,1,auf,„beruhen auf“ nennt die Grundlage.,b1_verb_45_auf,B1,Verb mit Präposition,,ready,,
ps_151,2026-02-12T11:31:00Z,,Unsere Trainerin ist sehr stolz ___ ihr Team.,über,für,auf,mit,2,auf,„stolz auf“ ist die feste Adjektivverbindung.,b1_adj_1_auf,B1,Adjektiv mit Präposition,,ready,,
ps_152,2026-02-12T11:32:00Z,,Ich bin mit dem Ergebnis absolut zufrieden ___ meiner Vorbereitung.,über,auf,für,mit,3,mit,„zufrieden mit“ nutzt man für Bewertungen.,b1_adj_2_mit,B1,Adjektiv mit Präposition,,ready,,
ps_153,2026-02-12T11:33:00Z,,Viele Teilnehmende sind gespannt ___ das Feedback der Jury.,zu,auf,über,für,1,auf,Erwartung auf Kommendes: „gespannt auf“.,b1_adj_3_auf,B1,Adjektiv mit Präposition,,ready,,
ps_154,2026-02-12T11:34:00Z,,Die Marke ist bekannt ___ ihre transparente Kommunikation.,für,mit,an,bei,0,für,„bekannt für“ nennt ein typisches Merkmal.,b1_adj_4_fuer,B1,Adjektiv mit Präposition,,ready,,
ps_155,2026-02-12T11:35:00Z,,Unser Team ist verantwortlich ___ die Umsetzung des Plans.,für,zu,an,mit,0,für,„verantwortlich für“ ist korrekt.,b1_adj_5_fuer,B1,Adjektiv mit Präposition,,ready,,
ps_156,2026-02-12T11:36:00Z,,Sie ist freundlich ___ neuen Kolleginnen und Kollegen.,für,bei,mit,zu,3,zu,Verhalten gegenüber Personen: „freundlich zu“.,b1_adj_6_zu,B1,Adjektiv mit Präposition,,ready,,
ps_157,2026-02-12T11:37:00Z,,Der Referent war offen ___ kritischen Fragen.,gegen,auf,für,zu,2,für,„offen für“ bedeutet aufgeschlossen.,b1_adj_7_fuer,B1,Adjektiv mit Präposition,,ready,,
ps_158,2026-02-12T11:38:00Z,,Viele sind skeptisch ___ zu schnellen Lösungen.,für,an,zu,gegenüber,3,gegenüber,Haltung zu etwas: „skeptisch gegenüber“.,b1_adj_8_gegenueber,B1,Adjektiv mit Präposition,,ready,,
ps_159,2026-02-12T11:39:00Z,,Die Abteilung ist abhängig ___ externen Dienstleistern.,über,von,an,bei,1,von,„abhängig von“ drückt Abhängigkeit aus.,b1_adj_9_von,B1,Adjektiv mit Präposition,,ready,,
ps_160,2026-02-12T11:40:00Z,,Unsere Leitung ist interessiert ___ langfristigen Kooperationen.,an,mit,für,über,0,an,„interessiert an“ steht mit Dativ.,b1_adj_10_an,B1,Adjektiv mit Präposition,,ready,,
ps_161,2026-02-12T11:41:00Z,,Der Bericht ist reich ___ praktischen Beispielen.,mit,für,an,auf,2,an,„reich an“ zeigt einen hohen Anteil.,b1_adj_11_an,B1,Adjektiv mit Präposition,,ready,,
ps_162,2026-02-12T11:42:00Z,,Das neue Konzept ist arm ___ unnötigen Details.,über,an,mit,auf,1,an,„arm an“ bezeichnet einen geringen Anteil.,b1_adj_12_an,B1,Adjektiv mit Präposition,,ready,,
ps_163,2026-02-12T11:43:00Z,,Viele Lernende sind unsicher ___ der richtigen Artikelwahl.,bei,mit,an,über,0,bei,Bei einer Tätigkeit/Handlung passt hier „bei“.,b1_adj_13_bei,B1,Adjektiv mit Präposition,,ready,,
ps_164,2026-02-12T11:44:00Z,,Das Team ist bereit ___ kurzfristige Änderungen.,zu,an,für,auf,2,für,Einsatzbereitschaft für etwas: „bereit für“.,b1_adj_14_fuer,B1,Adjektiv mit Präposition,,ready,,
ps_165,2026-02-12T11:45:00Z,,Ich bin neugierig ___ die Ergebnisse des Pilottests.,für,über,auf,zu,2,auf,„neugierig auf“ drückt Erwartung aus.,b1_adj_15_auf,B1,Adjektiv mit Präposition,,ready,,
ps_166,2026-02-12T11:46:00Z,,Die Managerin ist streng ___ der Einhaltung der Regeln.,bei,mit,für,an,0,bei,Bei Kontrolle/Prozess sagt man oft „streng bei“.,b1_adj_16_bei,B1,Adjektiv mit Präposition,,ready,,
ps_167,2026-02-12T11:47:00Z,,Unsere Firma ist stark ___ internationalen Märkten vertreten.,in,auf,an,bei,0,in,Präsenz in Bereichen/Märkten: „in“.,b1_adj_17_in,B1,Adjektiv mit Präposition,,ready,,
ps_168,2026-02-12T11:48:00Z,,Die Lösung ist geeignet ___ kleine Teams.,zu,für,bei,an,1,für,„geeignet für“ gibt den Zweck/Zielbereich an.,b1_adj_18_fuer,B1,Adjektiv mit Präposition,,ready,,
ps_169,2026-02-12T11:49:00Z,,Viele Mitarbeitende sind stolz ___ ihre Lernfortschritte.,mit,auf,zu,über,1,auf,„stolz auf“ bleibt die feste Form.,b1_adj_19_auf,B1,Adjektiv mit Präposition,,ready,,
ps_170,2026-02-12T11:50:00Z,,Die Aufgabe war schwierig ___ Anfänger ohne Praxis.,an,bei,zu,für,3,für,„schwierig für“ benennt die betroffene Gruppe.,b1_adj_20_fuer,B1,Adjektiv mit Präposition,,ready,,
ps_171,2026-02-12T11:51:00Z,,Diese Methode ist typisch ___ agile Projektarbeit.,in,zu,an,für,3,für,„typisch für“ ist die Standardverbindung.,b1_adj_21_fuer,B1,Adjektiv mit Präposition,,ready,,
ps_172,2026-02-12T11:52:00Z,,Der Text ist frei ___ unnötigem Fachjargon.,von,mit,über,aus,0,von,„frei von“ bezeichnet das Fehlen von etwas.,b1_adj_22_von,B1,Adjektiv mit Präposition,,ready,,
ps_173,2026-02-12T11:53:00Z,,Die Situation ist vergleichbar ___ dem letzten Quartal.,an,bei,mit,zu,2,mit,„vergleichbar mit“ ist korrekt.,b1_adj_23_mit,B1,Adjektiv mit Präposition,,ready,,
ps_174,2026-02-12T11:54:00Z,,Das Angebot ist exklusiv ___ Mitglieder der Community.,zu,an,für,bei,2,für,„exklusiv für“ nennt die Zielgruppe.,b1_adj_24_fuer,B1,Adjektiv mit Präposition,,ready,,
ps_175,2026-02-12T11:55:00Z,,Viele Bewerber sind überrascht ___ der schnellen Rückmeldung.,über,zu,mit,von,3,von,Reaktion auf einen Eindruck: hier „von“.,b1_adj_25_von,B1,Adjektiv mit Präposition,,ready,,
ps_176,2026-02-12T11:56:00Z,,Das Team ist geübt ___ dem Umgang mit Konflikten.,in,auf,mit,bei,0,in,Kompetenz in einem Bereich: „geübt in“.,b1_adj_26_in,B1,Adjektiv mit Präposition,,ready,,
ps_177,2026-02-12T11:57:00Z,,Unsere Kunden sind sensibel ___ Preisänderungen.,gegen,für,auf,an,1,für,Empfänglichkeit: „sensibel für“.,b1_adj_27_fuer,B1,Adjektiv mit Präposition,,ready,,
ps_178,2026-02-12T11:58:00Z,,Der Coach war geduldig ___ allen Nachfragen.,bei,mit,zu,an,1,mit,Umgang mit Personen/Situationen: „geduldig mit“.,b1_adj_28_mit,B1,Adjektiv mit Präposition,,ready,,
ps_179,2026-02-12T11:59:00Z,,Die Gruppe war einverstanden ___ dem neuen Ablauf.,auf,über,zu,mit,3,mit,Zustimmung drückt man mit „einverstanden mit“ aus.,b1_adj_29_mit,B1,Adjektiv mit Präposition,,ready,,
ps_180,2026-02-12T12:00:00Z,,Viele sind überzeugt ___ der Qualität des Programms.,mit,von,an,über,1,von,„überzeugt von“ ist die korrekte Form.,b1_adj_30_von,B1,Adjektiv mit Präposition,,ready,,
ps_181,2026-02-12T12:01:00Z,,Der Kurs ist hilfreich ___ den Berufsalltag.,bei,für,zu,an,1,für,Nutzen/Zweck: „hilfreich für“.,b1_adj_31_fuer,B1,Adjektiv mit Präposition,,ready,,
ps_182,2026-02-12T12:02:00Z,,Der Plan ist konsistent ___ den Unternehmenszielen.,zu,an,mit,bei,2,mit,Übereinstimmung: „konsistent mit“.,b1_adj_32_mit,B1,Adjektiv mit Präposition,,ready,,
ps_183,2026-02-12T12:03:00Z,,Unsere Strategie ist orientiert ___ nachhaltigem Wachstum.,über,auf,an,zu,2,an,Ausrichtung an einem Ziel: „orientiert an“.,b1_adj_33_an,B1,Adjektiv mit Präposition,,ready,,
ps_184,2026-02-12T12:04:00Z,,Die Kollegin war dankbar ___ die schnelle Unterstützung.,bei,für,an,über,1,für,Dank für etwas: „dankbar für“.,b1_adj_34_fuer,B1,Adjektiv mit Präposition,,ready,,
ps_185,2026-02-12T12:05:00Z,,Das neue Tool ist kompatibel ___ älteren Systemen.,zu,mit,bei,an,1,mit,Technische Verträglichkeit: „kompatibel mit“.,b1_adj_35_mit,B1,Adjektiv mit Präposition,,ready,,
ps_186,2026-02-12T12:06:00Z,,Die Nachfrage ___ flexiblen Onlinekursen wächst weiter.,nach,über,für,an,0,nach,Die feste Verbindung lautet „Nachfrage nach“.,b1_noun_time_1_nach,B1,Nomen mit Präposition,,ready,,
ps_187,2026-02-12T12:07:00Z,,Unser Interesse ___ praxisnahen Übungen ist sehr groß.,über,für,an,bei,2,an,Nomen + Präposition: „Interesse an“.,b1_noun_time_2_an,B1,Nomen mit Präposition,,ready,,
ps_188,2026-02-12T12:08:00Z,,Viele Teilnehmende haben Angst ___ der mündlichen Prüfung.,an,mit,über,vor,3,vor,Die Verbindung heißt „Angst vor“.,b1_noun_time_3_vor,B1,Nomen mit Präposition,,ready,,
ps_189,2026-02-12T12:09:00Z,,Wir haben Lust ___ ein neues Lernformat.,an,auf,zu,für,1,auf,Die feste Struktur ist „Lust auf“.,b1_noun_time_4_auf,B1,Nomen mit Präposition,,ready,,
ps_190,2026-02-12T12:10:00Z,,Sein Beitrag zur Diskussion war ein Beispiel ___ klare Argumentation.,an,über,für,zu,2,für,„Beispiel für“ ist korrekt.,b1_noun_time_5_fuer,B1,Nomen mit Präposition,,ready,,
ps_191,2026-02-12T12:11:00Z,,Der Bedarf ___ digitaler Weiterbildung steigt jährlich.,an,zu,über,für,0,an,Nomenverbindung: „Bedarf an“.,b1_noun_time_6_an,B1,Nomen mit Präposition,,ready,,
ps_192,2026-02-12T12:12:00Z,,Es gibt große Unterschiede ___ den beiden Gruppen.,unter,mit,bei,zwischen,3,zwischen,Vergleich zweier Gruppen: „zwischen“.,b1_noun_time_7_zwischen,B1,Nomen mit Präposition,,ready,,
ps_193,2026-02-12T12:13:00Z,,Die Verantwortung ___ den Projekterfolg liegt beim Team.,an,bei,über,für,3,für,Die feste Nomenverbindung lautet „Verantwortung für“.,b1_noun_time_8_fuer,B1,Nomen mit Präposition,,ready,,
ps_194,2026-02-12T12:14:00Z,,Wir haben keinen Zweifel ___ der Zuverlässigkeit des Systems.,über,mit,an,für,2,an,Nomenverbindung: „Zweifel an“.,b1_noun_time_9_an,B1,Nomen mit Präposition,,ready,,
ps_195,2026-02-12T12:15:00Z,,Der Grund ___ die Verzögerung war ein Stromausfall.,bei,an,zu,für,3,für,„Grund für“ nennt die Ursache eines Ergebnisses.,b1_noun_time_10_fuer,B1,Nomen mit Präposition,,ready,,
ps_196,2026-02-12T12:16:00Z,,___ des Workshops sammeln wir konkrete Fallbeispiele.,während,bis,ab,seit,0,während,Gleichzeitigkeit in einem Zeitraum: „während“.,b1_noun_time_11_waehrend,B1,Zeitpräpositionen,,ready,,
ps_197,2026-02-12T12:17:00Z,,___ der Pause klären wir offene Fragen.,in,auf,an,zu,0,in,Zeitangabe mit „Pause“: „in der Pause“.,b1_noun_time_12_in,B1,Zeitpräpositionen,,ready,,
ps_198,2026-02-12T12:18:00Z,,___ dem Meeting schicken wir das Protokoll.,bei,nach,vor,seit,1,nach,Abfolge in der Zeit: „nach dem Meeting“.,b1_noun_time_13_nach,B1,Zeitpräpositionen,,ready,,
ps_199,2026-02-12T12:19:00Z,,___ dem Meeting prüfen wir noch einmal die Agenda.,ab,nach,seit,vor,3,vor,Vorzeitigkeit drückt man mit „vor“ aus.,b1_noun_time_14_vor,B1,Zeitpräpositionen,,ready,,
ps_200,2026-02-12T12:20:00Z,,___ drei Monaten testen wir das neue Lernkonzept.,bis,vor,in,seit,3,seit,Beginn in der Vergangenheit bis heute: „seit“.,b1_noun_time_15_seit,B1,Zeitpräpositionen,,ready,,
ps_201,2026-02-12T12:21:00Z,,___ zwei Wochen startet das nächste Modul.,vor,seit,in,ab,2,in,Zukünftiger Zeitpunkt in der Zukunft: „in + Zeitraum“.,b1_noun_time_16_in,B1,Zeitpräpositionen,,ready,,
ps_202,2026-02-12T12:22:00Z,,___ dem 1. März gilt die neue Regelung.,ab,seit,vor,bis,0,ab,Startpunkt in der Zukunft/Gegenwart: „ab“.,b1_noun_time_17_ab,B1,Zeitpräpositionen,,ready,,
ps_203,2026-02-12T12:23:00Z,,___ Freitag brauchen wir die finalen Unterlagen.,bis,nach,ab,seit,0,bis,Endpunkt einer Frist: „bis“.,b1_noun_time_18_bis,B1,Zeitpräpositionen,,ready,,
ps_204,2026-02-12T12:24:00Z,,___ der Besprechung blieb das Team ruhig und lösungsorientiert.,trotz,während,wegen,seit,1,während,Gleichzeitigkeit: „während“.,b1_noun_time_19_waehrend,B1,Zeitpräpositionen,,ready,,
ps_205,2026-02-12T12:25:00Z,,___ des starken Verkehrs kamen wir pünktlich an.,wegen,innerhalb,trotz,während,2,trotz,Gegensatz/Hindernis ohne Wirkung: „trotz“.,b1_noun_time_20_trotz,B1,Zeitpräpositionen,,ready,,
ps_206,2026-02-12T12:26:00Z,,___ eines Serverfehlers wurde die Sitzung verschoben.,gegen,während,trotz,wegen,3,wegen,Ursache: „wegen“.,b1_noun_time_21_wegen,B1,Zeitpräpositionen,,ready,,
ps_207,2026-02-12T12:27:00Z,,___ von 24 Stunden erhielten wir eine Antwort.,innerhalb,seit,außerhalb,während,0,innerhalb,Zeitfenster: „innerhalb von“.,b1_noun_time_22_innerhalb,B1,Zeitpräpositionen,,ready,,
ps_208,2026-02-12T12:28:00Z,,___ der Arbeitszeit beantworten wir keine privaten Mails.,innerhalb,seit,außerhalb,während,2,außerhalb,Gegenteil von „innerhalb“: „außerhalb“.,b1_noun_time_23_ausserhalb,B1,Zeitpräpositionen,,ready,,
ps_209,2026-02-12T12:29:00Z,,___ der Konferenz hatten wir kaum Pausen.,nach,seit,während,ab,2,während,Zeitgleiche Dauer: „während“.,b1_noun_time_24_waehrend,B1,Zeitpräpositionen,,ready,,
ps_210,2026-02-12T12:30:00Z,,___ des letzten Quartals stieg der Umsatz um zwölf Prozent.,seit,während,trotz,wegen,1,während,Zeitlicher Rahmen: „während“.,b1_noun_time_25_waehrend,B1,Zeitpräpositionen,,ready,,
